id;phase;category;status;description;source

# =============================================================================
# REPRESENTATION OF DATA TYPES - The Data Type Models in this Compiler
# =============================================================================

REP_001;CrossPhase;RepresentationModels;enforced;The compiler defines four distinct data representation models: (1) ABI representation for function calls, (2) SSA representation for MLIR operands, (3) Heap representation for runtime objects, and (4) Logical representation for Elm semantics; rules in one representation model do not imply rules in another unless explicitly stated;THEORY.md

REP_ABI_001;CrossPhase;ABI;enforced;At all function call boundaries (kernel or compiled), every parameter and result whose monomorphized Elm type is Int, Float, or Char is passed and returned as a pass-by-value MLIR primitive (Int→i64, Float→f64, Char→i16), and every other Elm value including Bool and polymorphic type variables crosses the ABI as !eco.value regardless of its heap field representation; no ABI slot of type !eco.value may correspond to an Elm Int, Float, or Char.;CGEN_012|CGEN_037|CGEN_038

REP_ABI_002;CrossPhase;ABI;documented;ABI representation is independent of heap field representation; a value may be passed as a pass-by-value MLIR type at the ABI boundary while being stored boxed or unboxed in heap fields according to layout metadata;THEORY.md

REP_SSA_001;CrossPhase;SSA;enforced;SSA operands use immediate MLIR operand types (i64, f64, i16, i1) only for Int, Float, and Char values; all other Elm values are represented as !eco.value, which denotes a heap pointer or an embedded constant; SSA representation is independent of heap field layout and ABI calling conventions;CGEN_012|CGEN_013|XPHASE_002

REP_LLVM_001;CrossPhase;LLVM;enforced;At LLVM IR level every SSA value whose source type was !eco.value is ptr addrspace(1); all crossings into i64 happen only at heap/global/closure/args storage boundaries and debugging helpers; embedded constants are encoded as inttoptr of i64 constant to ptr addrspace(1). Sub-invariants: (a) REP_LLVM_PTR_ONLY_ACROSS_GC — no i64 derived from ptrtoint ptr<1> is live across a gc.statepoint; (b) INT→PTR provenance — every inttoptr i64→ptr<1> result has an operand loaded from a GC-scanned slot or is an embedded-constant pattern; (c) Boundary restriction — ptrtoint/inttoptr involving ptr<1> appears only at heap/global/closure storage boundaries args arrays and ADT case/tag bit-manipulation and embedded-constant encoding/decoding; (d) Single-use i64 from ptrtoint — the i64 result is stored passed to a gc-leaf callee or consumed by bit-tests in the same basic block. Enforced post-RS4GC by EcoPtrIntVerify (ECO_GC_DEBUG_LIVENESS);CGEN_012|HEAP_014
REP_LLVM_002;CrossPhase;LLVM;enforced;Every i64⇄ptr addrspace(1) crossing with boxed-slot provenance is emitted FOLD-PROOF until RS4GC has run: either a typed ptr<1> load/store (E1.3 v2 capture loads) or a call to the declare-only gc-leaf barriers __eco_slot_to_hptr/__eco_hptr_to_slot (EcoToLLVMInternal.h slot* helpers; ECO_SLOT_CAST_BARRIERS=0 escape hatch forces the GC-call-free $cap-inline guard back on). Rationale: REP_LLVM_001(a) is not fold-stable — InlineFunction's SimplifyInstruction annihilates ptrtoint(inttoptr(x))→x across an inlining seam leaving a raw i64 live across the spliced statepoints and erasing the evidence EcoPtrIntVerify keys on. StripEcoCastBarriers (EcoPtrIntVerify.cpp addEcoGCPipeline placement) restores bare casts strictly post-RS4GC before EcoPtrIntVerify and hard-fails (report_fatal_error active in release) if any barrier reference survives to codegen. NOT barriered (no slot provenance or fold-immune): embedded-constant encode/decode ADT tag/bit-tests AS0 wrapper-ABI exits and the memory-mediated shadow-root frame (rewriteUsesViaShadowSlot pattern-matches the raw prologue PtrToIntOp — co-update both if ever changed). Pinned by test/codegen/slot_cast_barriers_{emit,strip}.mlir; plan plans/fold-proof-boxed-slot-crossings.md;REP_LLVM_001|CGEN_012

REP_HEAP_001;Runtime_Heap;Representation;enforced;Heap object field representation is determined solely by layout metadata (RecordLayout, TupleLayout, CtorLayout) produced during monomorphization and is independent of ABI and SSA operand representation;MONO_006|MONO_013|XPHASE_001

REP_HEAP_002;Runtime_Heap;Representation;enforced;Each unboxed slot carries a 2-bit kind (00=boxed HPointer, 01=Int, 10=Float, 11=Char) at bits [2i, 2i+1] of the container bitmap; GC and debug logic must rely exclusively on this 2-bit kind or on constant bits in HPointer values to distinguish pointers from unboxed values (Updated 2026-04-20: bitmap now encodes 2-bit primitive kinds per slot);HEAP_019|HEAP_010|HEAP_014

REP_BOUNDARY_001;CrossPhase;Boundaries;enforced;Projection from heap objects into SSA produces immediate MLIR operand values whose MLIR type matches the slot's 2-bit kind (01→i64, 10→f64, 11→i16); kind=00 yields !eco.value (Updated 2026-04-20: bitmap now encodes 2-bit primitive kinds per slot);CGEN_005|HEAP_019

REP_BOUNDARY_002;CrossPhase;Boundaries;enforced;Construction of heap objects from SSA values sets per-slot 2-bit kinds based solely on SSA operand MLIR types (i64→01, f64→10, i16→11, else→00), and the runtime layout must match the bitmap exactly (Updated 2026-04-20: bitmap now encodes 2-bit primitive kinds per slot);CGEN_026|CGEN_027|XPHASE_001

REP_BOUNDARY_003;CrossPhase;Boundaries;tested;For every monomorphized specialization and every eco.project.* op that reads a heap field (including list_head, tuple, record, and custom projections), the MLIR result type must be exactly the SSA type implied by the projected field’s MonoType: MInt→i64, MFloat→f64, MChar→i16, and all other types→!eco.value; in particular, eco.project.list_head on an MList elemType yields an immediate i64/f64/i16 result iff the element type is Int/Float/Char respectively, and !eco.value otherwise.;TestLogic.ProjectionHeapLayoutConsistency

REP_CLOSURE_001;CrossPhase;Closures;enforced;Closure objects capture values using SSA representation rules: immediate operands are stored with a 2-bit kind (01=Int, 10=Float, 11=Char), Bool and all other values are stored as !eco.value (kind 00); at most 26 typed captures fit in the 52-bit bitmap (Updated 2026-04-20: bitmap now encodes 2-bit primitive kinds per slot; max 26 typed slots);CGEN_003|CGEN_012|CGEN_049|HEAP_010

REP_CLOSURE_002;CrossPhase;Closures;enforced;Closure application preserves captured value representation: 2-bit slot kinds are preserved across partial application extension; eco_pap_extend merges old and new bitmaps with a 2*old_n_values shift (Updated 2026-04-20: merge uses 2-bit-per-slot shift);CGEN_003|CGEN_034|CGEN_049


CGEN_CLOSURE_003;Mono+MLIR;Closures;enforced;For every closure lambda FV(body) is a subset of params union captures union siblingMappings keys: all free variables in the body must be either parameters or explicitly captured or mutually-recursive siblings. Prevents missing captures and cross-function SSA leakage into lambda bodies;Compiler.Monomorphize.Closure|Compiler.Generate.MLIR.Lambdas|CheckEcoClosureCaptures.cpp

CGEN_CLOSURE_004;MLIR;Closures;enforced;Every eco.papCreate with captures must have _fast_evaluator attribute referencing a valid function symbol with compatible signature; zero-capture closures have neither _fast_evaluator nor _closure_kind;Compiler.Generate.MLIR.Expr|EcoOps.cpp

CGEN_CLOSURE_005;MLIR;Closures;enforced;Closure calls with _dispatch_mode=fast require _fast_evaluator and _capture_abi attributes; the capture ABI types must match the fast clone parameter prefix;EcoToLLVMClosures.cpp

CGEN_CLOSURE_006;MLIR;Closures;enforced;At control-flow merges (eco.case eco.if) closures with differing closure_kind values must result in _closure_kind=heterogeneous or absent; Nothing + Known = Heterogeneous (conservative);Compiler.Generate.MLIR.Expr

CGEN_CLOSURE_007;MLIR;Closures;enforced;Every closure call must have _dispatch_mode attribute (fast closure or unknown); absence indicates a pipeline bug;EcoToLLVMClosures.cpp

CGEN_CLOSURE_008;MLIR;Closures;enforced;_dispatch_mode=unknown indicates missing closure kind metadata and should trigger a diagnostic; in well-formed MLIR after full ABI analysis it should not occur;Compiler.Generate.MLIR.Expr|EcoToLLVMClosures.cpp

ABI_CLONE_001;GlobalOpt;Cloning;enforced;After ABI cloning each closure-typed parameter within a single function specialization has at most one capture ABI across all call sites;Compiler.GlobalOpt.AbiCloning

CLONE_RELATION_001;MLIR;Closures;enforced;For every closure with captures the fast clone signature must be (capture_types ++ param_types) -> return_type and the generic clone signature must be (Closure* param_types) -> return_type;Compiler.Generate.MLIR.Functions

ZERO_CAPTURE_001;MLIR;Closures;enforced;Zero-capture closures do not have _closure_kind _fast_evaluator or _generic_evaluator attributes; they reference the original lambda directly via the function attribute;Compiler.Generate.MLIR.Expr

REP_CONSTANT_001;Runtime_Heap;Constants;enforced;Well-known constants (False, True, and the merged Empty which subsumes Unit, Nil, Nothing, EmptyString, EmptyRec) are represented as HPointer values with ptr_ind (bit 2) set and are never heap allocated; GC and debug logic must treat such values as non-heap (test ptr_ind, not constant!=0) and must not attempt to trace them;HEAP_010|HEAP_014|CGEN_019

REP_CONSTANT_002;CrossPhase;Constants;enforced;SSA values of type !eco.value may denote either heap pointers or embedded constants, and codegen, GC, and runtime helpers must rely on the HPointer ptr_ind bit rather than pointer range checks to distinguish them (isConstantBits = ptr_ind != 0);HEAP_010|HEAP_014|XPHASE_002

REP_CONSTANT_003;Runtime_Heap;Constants;enforced;The comparable embedded constant is the merged Empty (word 0x6), which denotes "" for a String-typed comparison and [] for a List-typed comparison; it represents the minimum value of its type. Any compare/lt/le/gt/ge path that encounters Empty opposite a heap value of the same type must return LT for the constant-vs-heap case and GT for the heap-vs-constant case. When the type is String, Empty must additionally compare EQ against any heap String with header.size == 0 in any string form (Tag_String / Tag_StringSlice / Tag_StringRope / Tag_LargeStringHeader / Tag_StringUtf8View / Tag_StringUtf8Leaf). Well-typed Elm forbids comparing values of different types, so the merged Empty is only ever compared within a single comparable family.;REP_CONSTANT_001|REP_CONSTANT_002

# =============================================================================
# CANONICALIZATION PHASE - Resolve names, assign IDs, validate scopes
# =============================================================================

CANON_001;Canonicalization;Names;enforced;Every non-local variable reference in the canonical AST (top-level functions foreign imports constructors operators kernel vars) records its home module as an IO.Canonical so there is no ambiguity about which module a global name comes from while local variables are represented as VarLocal and resolved via the canonicalization environment;Compiler.AST.Canonical|Compiler.Canonicalize.Environment

CANON_002;Canonicalization;IDs;enforced;Every canonical expression node is assigned a unique non-negative integer ID ExprInfo.id by threading an Ids.IdState and calling Ids.allocId at each construction site and these IDs are later used as keys in the NodeTypes map returned by the type solver;Compiler.Canonicalize.Expression|Compiler.Canonicalize.Ids|Compiler.AST.Canonical

CANON_003;Canonicalization;Definitions;enforced;No duplicate top-level value type constructor or port names exist in a module duplicates are detected via the Dups tracker and reported as DuplicateDecl DuplicateType DuplicateCtor DuplicateBinop or ExportDuplicate errors and shadowing of local bindings is likewise detected and reported as Shadowing;Compiler.Canonicalize.Environment.Dups|Compiler.Canonicalize.Environment.Local|Compiler.Canonicalize.Pattern|Compiler.Reporting.Error.Canonicalize

CANON_004;Canonicalization;Imports;enforced;All imports must resolve to valid interfaces and all imported values types constructors and operators must come from those interfaces Foreign.createInitialEnv builds the environment from the given interface map and import list and unresolved or ambiguous imports yield canonicalization errors such as ImportNotFound ImportExposingNotFound or the various Ambiguous* errors;Compiler.Canonicalize.Environment.Foreign|Compiler.Canonicalize.Environment

CANON_005;Canonicalization;Dependencies;enforced;Module-level value definitions are partitioned into strongly connected components via Graph.stronglyConnComp this two-phase cycle detection (using all dependencies vs direct dependencies) ensures that groups used for type inference are valid recursive components and that non-terminating cyclic values are rejected with RecursiveDecl or RecursiveLet errors;Compiler.Canonicalize.Module|Compiler.Reporting.Error.Canonicalize

CANON_006;Canonicalization;Cache;documented;Certain expression and pattern forms cache type information directly in the canonical AST to avoid interface lookups later in particular VarForeign VarCtor VarDebug VarOperator and Binop nodes carry cached Can.Annotation or Can.Type fields and constructor patterns PCtor and PatternCtorArg embed types for inference exhaustiveness checking and optimization;Compiler.AST.Canonical

# =============================================================================
# TYPE CHECKING PHASE - Generate and solve constraints ensure type safety
# =============================================================================

TYPE_001;TypeChecking;Constraints;enforced;In both erased and typed pathways type constraint generation traverses all declarations effects (ports and managers) expressions and patterns reachable from the module producing a single Constraint tree that encodes all required type relationships;Compiler.Type.Constrain.Erased.Module|Compiler.Type.Constrain.Erased.Expression|Compiler.Type.Constrain.Erased.Pattern|Compiler.Type.Constrain.Typed.Module|Compiler.Type.Constrain.Typed.Expression|Compiler.Type.Constrain.Typed.Pattern

TYPE_002;TypeChecking;Unification;enforced;Constraint solving uses union-find-based unification to compute consistent assignments for type variables and every unification failure produces a Type.Error (for example via Unify.AnswerErr and Error.BadExpr) that is propagated as a BadTypes error rather than silently corrupting the environment;Compiler.Type.Solve|Compiler.Type.UnionFind|Compiler.Type.Unify|Compiler.Reporting.Error.Type

TYPE_003;TypeChecking;NodeTypes;enforced;After Solve.runWithIds completes every non-negative expression or pattern ID that was recorded during constraint generation has an entry in the nodeTypes dictionary (ExprTypes or NodeTypes) mapping that ID to a canonical type while negative placeholder IDs are intentionally skipped by the NodeIds.recordNodeVar helper;Compiler.Type.Constrain.Typed.NodeIds|Compiler.AST.TypedCanonical|Compiler.Type.Solve

TYPE_004;TypeChecking;Occurs;enforced;The occurs check implemented in Compiler.Type.Occurs is invoked by the solver during unification to detect and reject infinite types (such as a equals List a) and any such cycle results in a type error recorded in the solver state ensuring infinite types are never accepted;Compiler.Type.Solve|Compiler.Type.Occurs

TYPE_005;TypeChecking;Generalization;enforced;Let-bound type variables are ranked by lexical nesting depth using rank pools and generalization only quantifies variables at the appropriate rank promoting or freezing younger variables as needed thus implementing rank-based let-polymorphism and preventing unsound polymorphism from leaking across scopes;Compiler.Type.Solve|Compiler.Type.Type

TYPE_006;TypeChecking;Annotations;enforced;User-provided type annotations are canonicalized to Can.Annotation and inserted into the constraint tree the solver then enforces equality between annotated and inferred types so mismatches cause Type.Error values that surface as BadTypes errors rather than being silently ignored;Compiler.Canonicalize.Type|Compiler.Type.Constrain.Erased.Expression|Compiler.Type.Constrain.Typed.Expression|Compiler.Type.Solve

TYPE_007;TypeChecking;Constraints;documented;In the typed constraint generator every type variable registered via NodeIds.recordNodeVar for an expression or pattern id must also appear in at least one constraint that participates in unification (either as the entire left or right side of a CEqual or nested inside a structured type that is unified); a recorded variable that is only ever mentioned in NodeIds and never in any unification constraint indicates a missing constraint for that node and is treated as an internal compiler error;Compiler.Type.Constrain.Typed.NodeIds|Compiler.Type.Constrain.Typed.Expression|Compiler.Type.Solve

# =============================================================================
# NITPICK PHASE - Pattern exhaustiveness and other semantic checks
# =============================================================================

NITPICK_001;Nitpick;Exhaustiveness;enforced;Every case expression is exhaustive after the Nitpick phase meaning all possible values of the scrutinee type are covered by at least one pattern and any missing patterns are reported as InexhaustivePatterns errors so downstream phases can assume case expressions always match exactly one alternative at runtime;Compiler.Nitpick.PatternMatches

# =============================================================================
# POST-SOLVE PHASE - Fix remaining Group B types (Str, Chr, Float, Unit) and infer kernel function types
# =============================================================================

POST_001;PostSolve;GroupB;enforced;The PostSolve phase walks the canonical AST after solving and assigns structurally computed types to remaining Group B expressions (Str Chr Float Unit) whose solver types were unconstrained synthetic variables deriving these types from known concrete types. Most expression forms (List Tuple Record Lambda Accessor Let LetRec LetDestruct) are now Group A with solver-owned types via recordNodeVar and do not need structural repair;Compiler.Type.PostSolve

POST_002;PostSolve;KernelTypes;documented;Kernel function types are inferred by a two-step process seeding the kernel environment from alias definitions whose bodies are VarKernel expressions and then propagating types from usages (direct calls constructor arguments binary operators and case branches) using one-way scheme-to-type unification to build a KernelTypeEnv that maps (home name) kernel pairs to canonical function types with first-usage-wins semantics;Compiler.Type.PostSolve|Compiler.Optimize.Typed.KernelTypes

POST_003;PostSolve;Completeness;enforced;After PostSolve all non-negative expression IDs in NodeTypes have meaningful concrete types and no unconstrained synthetic type variables remain for non-kernel expressions so the fixed nodeTypes map is guaranteed to be suitable for building TypedCanonical and for downstream typed optimization;Compiler.Type.PostSolve|Compiler.AST.TypedCanonical

POST_004;PostSolve;Determinism;documented;For remaining Group B expressions (Str Chr Float Unit) the structurally computed PostSolve types depend only on the canonical AST structure and the initial solver-produced nodeTypes so given the same canonical module and initial nodeTypes PostSolve deterministically produces the same fixed nodeTypes and kernelEnv;Compiler.Type.PostSolve

POST_005;PostSolve;NonRegressionStructuredNodeTypes;enforced;For every non-negative expression/pattern node id whose solver-produced (pre-PostSolve) type is not a bare Can.TVar PostSolve must not change that node type (alpha-equivalent) except for VarKernel nodes whose types may be inferred/filled during PostSolve;Compiler.Type.PostSolve

POST_006;PostSolve;NoNewFreeTypeVars;enforced;For every non-negative expression/pattern node id (excluding VarKernel and Accessor nodes) the set of free Can.TVar names appearing in the node post-PostSolve type must be a subset of those appearing in its pre-PostSolve solver type ensuring PostSolve does not introduce new polymorphism;Compiler.Type.PostSolve

POST_007;PostSolve;LambdasStructuralTypes;documented;Every lambda expression in the canonical module has a concrete structural function type. Lambdas are now Group A (solver-owned via recordNodeVar) so the solver provides their type directly. PostSolve verifies that the stored type is alpha-equivalent to the recomputed structural type (TLambda chain from argument pattern types and body type) so lambdas never remain as bare TVars or non-function shapes.;Compiler.Type.PostSolve|Compiler.AST.Canonical

POST_008;PostSolve;LambdasContextVars;documented;For every lambda expression the set of free Can.TVar names appearing in its post-PostSolve type must be a subset of the type variables available in its surrounding solver environment (from its pre-PostSolve node type or enclosing annotated scheme) ensuring that PostSolve does not introduce new unconstrained lambda-local type variables and that all lambda polymorphism originates from the main solver.;Compiler.Type.PostSolve|Compiler.AST.Canonical|Compiler.Type.Solve

POST_009;PostSolve;Placeholders;documented;PostSolve-generated placeholder TVars used for structural repair of remaining Group B expressions (Str Chr Float Unit) must not appear in function positions in the fixed NodeTypes map for non-kernel expressions so that all function types visible to TypedCanonical TypedOptimized and monomorphization are expressed solely in terms of solver- or annotation-derived type variables and are free of PostSolve-only placeholders. Most expressions are now Group A and do not receive PostSolve placeholders.;Compiler.Type.PostSolve|Compiler.AST.TypedCanonical|Compiler.Optimize.Typed|Compiler.Monomorphize.Specialize    

POST_010;PostSolve;NodeTypes;documented;For every non-kernel expression or pattern node id i, let EnvTVars(i) be the set of type variables available in i’s typing environment (the union of binders from all enclosing annotated or inferred type schemes, including generalized let-bound definitions) and let FreeTVars(i) be the set of Can.TVar names occurring in the final post‑PostSolve nodeTypes[i] type; the invariant is that FreeTVars(i) is a subset of EnvTVars(i), and any Can.TVar that remains in nodeTypes[i] but does not come from EnvTVars(i) indicates a leaked internal solver variable or placeholder and is treated as an internal compiler bug;Compiler.Type.PostSolve|Compiler.AST.TypedCanonical|Compiler.Type.Solve

# =============================================================================
# TYPED OPTIMIZATION PHASE - Preserve and exploit types in optimized IR
# =============================================================================

TOPT_001;TypedOptimization;TypeCarrying;enforced;Every TypedOptimized.Expr variant carries its Can.Type as the last constructor argument and the typeOf helper function simply pattern-matches on each variant to return that trailing type field for any expression;Compiler.AST.TypedOptimized

TOPT_002;TypedOptimization;DecisionTrees;enforced;All pattern matches are compiled into decision trees (Decider structures) that operate over flat variable bindings and destructor paths so no nested patterns remain in the TypedOptimized IR and the resulting Decider trees are exhaustive by construction relying on earlier pattern exhaustiveness checking and the decision-tree completeness guarantees;Compiler.AST.TypedOptimized|Compiler.Optimize.Typed.DecisionTree|Compiler.Optimize.Typed.Case|Compiler.Nitpick.PatternMatches

TOPT_003;TypedOptimization;Annotations;enforced;The typed local graph TOpt.LocalGraphData always includes the full Annotations dictionary mapping definition names to their type schemes carried over from type checking so monomorphization and backends can look up top-level types without re-consulting interfaces or re-running inference;Compiler.AST.TypedOptimized|Compiler.Compile|Compiler.Optimize.Typed.Module

TOPT_004;TypedOptimization;TypePreservation;documented;Typed optimization is designed to be type-preserving transformations such as inlining dead-code elimination and case-to-decision-tree compilation construct new TOpt.Expr nodes whose attached Can.Type matches the inferred type from TypedCanonical or nodeTypes propagating types via local rules like function type equals argTypes arrow bodyType and call type equals peeled result type of the function;Compiler.Optimize.Typed.Expression|Compiler.AST.TypedOptimized

TOPT_005;TypedOptimization;FunctionTypes;enforced;Function expressions in TypedOptimized carry their full function type as a list of (Name Can.Type) parameter types plus a result Can.Type and the overall expression Can.Type is the corresponding curried TLambda chain enabling accurate arity computation and type-directed specialization in monomorphization;Compiler.AST.TypedOptimized|Compiler.Optimize.Typed.Expression|Compiler.Generate.Monomorphize

TOPT_006;TypedOptimization;DecisionTrees;enforced;Every TypedPath.Unbox segment in a typed decision tree is annotated with a concrete canonical wrapper type that corresponds to a single‑constructor union marked Can.Unbox and has a single field; this concrete Can.Type must be ground (contain no free Can.TVar) so that downstream phases can resolve a unique runtime wrapper shape for each Unbox path.;Compiler.LocalOpt.Typed.DecisionTree|Compiler.AST.DecisionTree.TypedPath

# =============================================================================
# TYPED ARTIFACT SERIALIZATION - .ecot / typed-artifacts.dat wire format
# =============================================================================

ECOT_001;TypedOptimization;ArtifactSerialization;enforced;On-disk .ecot and typed-artifacts.dat are a strict subset of the in-memory typed artifact. NOT serialized and rebuilt as inert defaults on decode: LocalGraph.main (Nothing) and LocalGraph.fields (Dict.empty) and GlobalGraph fields (Dict.empty) and ModuleTypeEnv.aliases (Dict.empty) and the per-Node deps sets of Define TrackedDefine Cycle Kernel PortIncoming PortOutgoing (EverySet.empty) and the Manager EffectsType (Cmd placeholder) and Kernel chunks and deps ([] and EverySet.empty) and Expr.VarDebug home and unhandledValueName (Elm Debug and Nothing). No consumer downstream of deserialization may read any of these fields. Adding such a reader requires re-adding the wire slot first and bumping typedGraphFormatVersion and V.compiler (ECOT_003 rule). Main detection on the typed path reads the in-memory TOpt main of Fresh modules and Details.Local.hasMain for cached ones, never a decoded main;Compiler/AST/TypedModuleArtifact.elm|Compiler/AST/TypedOptimized.elm|Compiler/AST/TypeEnv.elm|Terminal/Make.elm
ECOT_002;TypedOptimization;ArtifactSerialization;enforced;Every .ecot section and typed-artifacts.dat graph or type env begins with a per-call string-table preamble: u8 index width (1 if count <= 256 else 2 if count <= 65536 else 4) then u32 count then count length-prefixed UTF-8 strings sorted ascending (Set.toList order) for bootstrap byte-identity. Every string field of the body and of the ECOT_003 type table is then the big-endian index of that width. For typed graphs the table is the body strings (collectStringsFrom* which skip type positions) united with the strings of the DISTINCT type-table entries (TypeTable.collectStrings) which is the same set as walking every type occurrence. A missing string is NOT caught: StringTable.string emits index 0 and the artifact silently mis-decodes. An extra string only grows the table but changes bytes. TOpt.computeVarSupers runs the same pre-pass (type table plus body collector in CollectSupers mode) so varSupers covers every emitted name including literals and fields. Interning is disabled (width 0 sentinel) for .eci and other legacy formats;Compiler/AST/StringTable.elm|Compiler/AST/TypedOptimized.elm|Compiler/AST/TypeTable.elm|Compiler/AST/TypeEnv.elm|Compiler/AST/Canonical.elm|Compiler/Elm/ModuleName.elm|Compiler/Elm/Package.elm
ECOT_003;TypedOptimization;ArtifactSerialization;enforced;From typedGraphFormatVersion 2 (V.compiler 0.1.2) every Can.Type in a typed graph body is written as a ref into a per-file type table that follows the string table: u8 ref width (1 2 or 4 by entry count) then the u32 entry count then the entries in id order. Refs are big-endian of that width. Dedup key = the full structural node under Elm == including the TLambda arrow slot and the FieldType index and Holey versus Filled alias bodies and the record extension name and alias argument names (the hash only picks a bucket and never decides equality). Ids are assigned children-first in first-occurrence order of the internTypesFrom* pre-pass so bytes never depend on the hash and every entry references only smaller ids. The decoder builds an Array in one forward pass and fails on a ref >= the entries decoded so far. Every type the encoder emits must have been interned by the pre-pass (TypeTable.ref crashes otherwise). Regions and zero-based indices and other non-literal Int fields in the body are LEB128 varints (uintV and zigzag sintV for the row delta). Int literals (TOpt Int expressions and decision-tree IsInt tests) are exact i64 as a signed 32-bit high word then an unsigned 32-bit low word (typedGraphFormatVersion 3 and V.compiler 0.1.3) because a float64 corrupted literals beyond 2^53 in cached modules. Any change to the table layout or key fields bumps typedGraphFormatVersion AND V.compiler because a failed package typed-artifacts.dat decode is silently replaced by an empty graph;Compiler/AST/TypeTable.elm|Compiler/AST/TypedOptimized.elm|Compiler/Elm/Version.elm|Utils/Bytes/Encode.elm|Utils/Bytes/Decode.elm

# =============================================================================
# MONOMORPHIZATION PHASE - Specialize polymorphic functions to concrete types
# =============================================================================

MONO_001;Monomorphization;Types;documented;MonoType encodes fully elaborated runtime shapes so concrete Elm instantiations of source types appear as MInt MFloat MList MTuple MRecord MCustom or MFunction and the only remaining use of generic type variables is via MVar with an attached Constraint such as CEcoValue or CNumber that does not require further type inference;Compiler.AST.Monomorphized

MONO_002;Monomorphization;Types;enforced;At MLIR codegen time no MonoType may contain MVar with CNumber constraint in any reachable position and any such occurrence indicates a failed specialization compiler bug;Compiler.AST.Monomorphized

MONO_003;Monomorphization;Types;documented;Remaining MVar with CEcoValue constraint are allowed and their concrete source types never affect runtime layout or calling convention and are tracked only for comparison or debugging purposes;Compiler.AST.Monomorphized

MONO_004;Monomorphization;Closures;enforced;Every MonoNode whose MonoType is a function must be callable so it is either MonoTailFunc params body monoType or MonoDefine expr monoType where expr is MonoClosure closureInfo body monoType;Compiler.Generate.Monomorphize

MONO_005;Monomorphization;Specialization;enforced;Each specialization identified by Global plus MonoType plus optional LambdaId has a unique SpecId recorded in SpecializationRegistry every MonoVarGlobal that mentions that SpecId refers to exactly one MonoNode implementing that specialization and there are no missing or orphan entries in the registry for any used instantiation;Compiler.AST.Monomorphized

MONO_006;Monomorphization;Layouts;documented;RecordLayout and TupleLayout store fieldCount indices and a 2-bit-per-slot unboxedBitmap so field order indices and per-slot primitive kinds (00=boxed, 01=Int, 10=Float, 11=Char) for records and tuples are completely determined by these layouts (Updated 2026-04-20: bitmap now encodes 2-bit primitive kinds per slot);Compiler.AST.Monomorphized

MONO_007;Monomorphization;Access;enforced;Record field access computes fieldIndex and isUnboxed from the record MonoType layout so MonoRecordAccess and MonoRecordUpdate always use indices and unboxing consistent with RecordLayout;Compiler.Generate.Monomorphize

MONO_008;Monomorphization;Types;enforced;Function call specialization unifies canonical function types with monomorphic argument types so immediate numeric types are fixed to MInt or MFloat and immediate mismatches are treated as monomorphization bugs;Compiler.Generate.Monomorphize

MONO_009;Monomorphization;Debug;enforced;Polymorphic Debug kernel calls keep type variables as MVar by applying an empty substitution so their MonoType stays polymorphic and those type variables always have CEcoValue constraint and do not affect runtime layout or calling convention;Compiler.Generate.Monomorphize

MONO_010;Monomorphization;Types;enforced;MonoGraph is type complete and contains every type in the program including all aspects of those types such as all constructors for custom types stored in ctorLayouts;Compiler.AST.Monomorphized and Compiler.Generate.Monomorphize

MONO_011;Monomorphization;Graph;documented;MonoGraph is closed and hygienic every MonoVarLocal refers to a binder in scope every MonoVarGlobal and SpecId refers to an existing MonoNode and after applying the specialization-pruning pass (MONO_022) there are no unreachable specializations in the registry or nodes;Compiler.AST.Monomorphized|Compiler.Monomorphize.Prune

MONO_012;Monomorphization;Closures;documented;For every function or closure node the function MonoType flattened arity (computed by recursively peeling nested MFunction layers e.g. MFunction [a] (MFunction [b] c) has flattened arity 2) is at least as large as the parameter list length and all call sites supply arguments not exceeding that flattened arity so full and partial applications are always well formed and closures returning functions (nested lambdas) are valid;Compiler.Generate.Monomorphize

MONO_013;Monomorphization;Layouts;documented;For each custom type every constructor has a CtorLayout whose field count ordering and 2-bit-per-slot unboxedBitmap match the constructor's fields; all construction and pattern matching nodes that use that constructor are consistent with its CtorLayout (Updated 2026-04-20: bitmap now encodes 2-bit primitive kinds per slot; Custom supports up to 24 typed slots);Compiler.AST.Monomorphized

MONO_014;Monomorphization;Layouts;documented;Structurally equivalent record and tuple types share RecordLayout or TupleLayout identifiers or at least have layouts with identical indices and 2-bit-per-slot unboxedBitmap so layout metadata is canonical and does not spuriously duplicate equivalent layouts (Updated 2026-04-20: bitmap now encodes 2-bit primitive kinds per slot);Compiler.AST.Monomorphized

MONO_015;Monomorphization;Accessors;enforced;When an accessor like .name with canonical type { ext | name : T } -> T is passed as a first-class function argument to a call site the accessor extension variable ext must be unified with the full record type inferred from other arguments at that call site so that specialization receives the complete record layout not just the explicitly named fields;Compiler.Generate.Monomorphize.Specialize|Compiler.Generate.Monomorphize.TypeSubst

MONO_017;Monomorphization;Registry;enforced;For every SpecId in SpecializationRegistry.reverseMapping with value (global monoType maybeLambda) there exists a MonoNode at graph.nodes[specId] and monoType equals the nodeType of that node ensuring registry keys match actual node types;Compiler.Generate.Monomorphize

MONO_018;Monomorphization;Types;tested;For every MonoCase expression in the MonoGraph the types of all branch expressions both in the jumps list and inline leaves in the decider must equal the MonoCase resultType ensuring consistent branch result types.;TestLogic.Monomorphize.MonoCaseBranchResultType (checkMonoCaseBranchResultTypes)

MONO_019;Monomorphization;Closures;tested;Within a single MonoGraph each lambdaId identifies a unique logical lambda; no two MonoClosure or MonoTailFunc nodes share the same lambdaId. This uniqueness explicitly does NOT apply to ClosureInfo.srcLambda: several instances sharing a source-lambda id is the intended LSS semantics (same code object), and the inliner copies srcLambda verbatim.;TestLogic.Monomorphize.LambdaIdUniqueness (checkLambdaIdUniqueness)

MONO_020;Monomorphization;Let-Bound Functions;documented;After monomorphization every user-defined local function or lambda (non-kernel) that is reachable from MLIR codegen has no MVar with CEcoValue constraint in its MFunction parameter or result positions. Remaining CEcoValue MVar in those positions indicates a failed specialization. Enforced structurally by collectLocalCallSubst which derives concrete type variable mappings from call sites before specializing the local definition.;Compiler.Monomorphize.Specialize (collectLocalCallSubst)

MONO_021;Monomorphization;Types;tested;Reachable user-defined function and closure specializations MAY keep MVar with CEcoValue in their parameter result and capture types after monomorphization and at MLIR codegen entry: such a variable is a type variable nothing fixed (for example the element type of an empty-list argument or the field of a let-bound polymorphic record) and its value is always boxed and lowered as !eco.value so it changes no layout (see Mono.Constraint). The only forbidden residual type variable is MVar with CNumber: MONO_002 forbids it and Prune.pruneUnreachableSpecs closes it to MInt (MONO_028). The test checks MONO_002 over every node type expression type and parameter type of the monomorphized graph with a walk written independently of MonoTraverse (whose anyNodeType both closes and detects residuals in Prune). Supersedes the earlier rule that no CEcoValue MVar and no MErased may remain in user function types: MErased no longer exists in MonoType and CEcoValue residuals are by design.;Compiler.AST.Monomorphized (Constraint)|Compiler.Monomorphize.Prune (pruneUnreachableSpecs)|TestLogic.Monomorphize.NoCEcoValueInUserFunctions (expectNoResidualNumberVars)

MONO_022;Monomorphization;Graph;documented;After monomorphization and specialization-pruning every SpecId in SpecializationRegistry.mapping or MonoGraph.nodes is reachable from the main specialization via the callEdges graph. The reachable set is the least fixed point starting from mainSpecId (plus the port-decoder and flags-decoder roots) and following ALL MonoVarGlobal edges - a call a papCreate that names the spec and a bare reference stored into data are equally edges. No unused template specializations remain in MonoGraph. CtorShapes are also pruned to only include types referenced by reachable nodes. RE-ESTABLISHED after MonoInlineSimplify by Prune.pruneAfterInline (inline.pruneDead default-on): inlining the only reference to a callee orphans its spec and the mono-time prune has already run - 6608 unreferenced code-bearing functions and 4.86 percent of the emitted text on the self-compile before that pass existed. Edges are re-collected by MonoTraverse.collectSpecEdges because MonoGraph.callEdges is Array.empty after the inliner. Checked under mono.validate by Generate.validatePruned. The pruned graph then carries ONLY the intra-SCC edges of that adjacency (self-loops included; Prune.restrictToSccEdges - plans/frontend-heap-release.md row 8): callEdges is NOT dead - its one later reader is MonoInlineSimplify.buildBodyLookup at codegen which needs only isRecursive over the graph induced on the codegen-time nodes and every cycle of such an induced subgraph lies inside one SCC so isRecursive is unchanged. It is deliberately stale after GlobalOpt (wrapper/CafHoist specs have no rows) and must not be recomputed there - that would change isRecursive then inlineBodies and could change the output.;Compiler.Monomorphize.Prune

MONO_023;Monomorphization;Types;documented;MErased in MonoTypes that reach MLIR codegen (monoTypeToAbi monoTypeToOperand processType) is mapped to !eco.value (boxed). MErased arises from dead-value specializations (eraseTypeVarsToErased) and phantom type variables in polymorphic-key specializations (eraseCEcoVarsToErased). It is semantically equivalent to CEcoValue and is always lowered as a boxed eco.value at all boundaries.;Compiler.Generate.MLIR.Types|Compiler.Generate.MLIR.TypeTable

MONO_024;Monomorphization;Types;documented;For every specialization entry in SpecializationRegistry whose key MonoType is fully monomorphic (contains no Mono.MVar with CNumber or CEcoValue constraint and no MErased) and is reachable after specialization-pruning (MONO_022), a traversal of all MonoTypes reachable from its implementing MonoNode (including function parameter types, closure capture types, local binding types, and expression result types such as MonoLet, MonoCase branches, and intermediate nodes) must find no remaining Mono.MVar with CEcoValue constraint; any surviving CEcoValue MVar in such a context indicates either an incorrectly computed specialization key or a failure to propagate call-site or context constraints into the monomorphization substitution for that specialization.;Compiler.AST.Monomorphized|Compiler.Monomorphize.Specialize|TestLogic.Monomorphize

MONO_025;Monomorphization;Closures;documented;For every reachable MonoClosure or MonoTailFunc node implementing a user-defined function or lambda specialization, the closure’s stored MonoType must be consistent with its specialization key: reconstruct the canonical function type from the specialization key MonoType and the top-level type environment, apply the monomorphization substitution used for that specialization, convert the resulting canonical function type to a MonoType (preserving TLambda staging), and assert that the flattened parameter and result types match the closure’s parameter list and result type (up to currying structure) so that closure parameter types, capture layouts, and return types are guaranteed to reflect the same concrete instantiation as the specialization key.;Compiler.AST.Monomorphized|Compiler.Monomorphize.Specialize|Compiler.Generate.Monomorphize|TestLogic.Monomorphize

MONO_026;Monomorphization;DecisionTrees;enforced;For every TypedPath.Unbox segment produced by typed optimization, monomorphization computes a unique Mono.MonoType for the wrapper and selects a corresponding CtorLayout entry from MonoGraph.ctorLayouts (or typeRegistry.ctorShapes keyed by that MonoType); MLIR codegen must use only this wrapper MonoType and its CtorLayout to determine field index, unboxed/boxed representation, and MLIR operand type for the unwrapped field, and may not consult global ctor shape lists or constructor names alone.;Compiler.AST.Monomorphized|Compiler.Monomorphize.Specialize|Compiler.Generate.MLIR.Patterns

MONO_027;Monomorphization;Types;tested;For every MonoVarGlobal(region specId monoType) reference in a reachable MonoNode the flattened function arity of monoType must equal the flattened function arity of nodeType(graph.nodes[specId]). A mismatch indicates that the specialization call site computed a truncated or otherwise incorrect function type for the referenced specialization typically caused by buildCurriedFuncType dropping unsupplied parameter stages during partial-application type construction. This invariant is checked after GlobalOpt since staging canonicalization may adjust node arities.;Compiler.AST.Monomorphized|Compiler.Monomorphize.Specialize|Compiler.Monomorphize.TypeSubst|TestLogic.Monomorphize.MonoVarGlobalArityConsistency
MONO_028;Monomorphization;Types;enforced;Quiescence-before-defaulting: applySubst and resolveMonoVars preserve Mono.MVar with CNumber as a residual through the whole specialization fixpoint (they never eagerly default it to MInt); the closing of residual number vars to MInt is FUSED into Prune.pruneUnreachableSpecs (perf): as Prune copies each live node it discharges every residual (MVar CNumber -> MInt) via MonoTraverse.mapNodeTypes, gated by an allocation-free MonoTraverse.anyNodeType pre-scan (rebuild only nodes that actually carry a residual), and likewise closes registry.reverseMapping; ctorShapes are recomputed from the ALREADY-closed nodes so their keys stay consistent with the closed node types by construction and consulting the FINAL MVarEnv.superVars so number-tainted boxed vars are healed. A number var and a boxed CEcoValue var that unify must join with number dominating (CNumber wins) in BOTH unification paths — TypeSubst.unifyMonoMono (mono-vs-mono) and TypeSubst.unifyHelp's Can.TVar arm (canonical-vs-mono) — by binding the CEcoValue var toward the number var and recording the merge in the shared side table via State.taintNumber; never erase a number to CEcoValue (doing so types an unboxed i64 value as a boxed pointer at a call boundary). Specialization keys re-stamp constraints from the side table via TypeSubst.refreshConstraints before Mono.toComparableMonoType, and an open CNumber var keys identically to MInt. This makes MONO_002 hold by construction at codegen. Because number demands are observed at use sites (not predicted), a scalar-number destructor slot projected from a number-multi root is specialized BODY-FIRST by Specialize.specializeNumberDestruct: the destructor-bound var is seeded as a number-multi target, the body is specialized so its uses record per-shape instances via resolveNumberMultiVarRef, and one MonoDestruct is emitted per recorded instance from a root instance materialised at the demanded Int/Float type. No demand-replay look-ahead over the unspecialized body is permitted.;Compiler.Monomorphize.TypeSubst|Compiler.Monomorphize.Monomorphize|Compiler.Monomorphize.MonoTraverse|Compiler.AST.Monomorphized|Compiler.Monomorphize.State|Compiler.Monomorphize.Specialize
MONO_029;Monomorphization;Layouts;enforced;Layout connectivity: every recorded MonoType that views the same runtime value must be layout-equal at every aggregate interior position — all views concretely equal or all views erased; an erased residual (MVar id CEcoValue) may appear only where EVERY view of that value is erased (erased implies boxed everywhere per MONO_003). Heap slot layout is a pure static function of the recorded type (only Int/Float/Char unboxed — REP_HEAP_001) and tuple/custom projections are layout-static, so a single disagreeing pair (e.g. an erased destructure-path element over a concretely-stored raw slot) is a miscompile no emission strategy can repair. The subst engine satisfies this by construction (solve-then-emit); the solver engine enforces it by (R1) connecting the TCO/TailDef-rebuilt node id family to the demand-seeded annotation component (appShapeConnect enrichFromEnv on the callee; TailCall arg-to-loop-param connectTypes via S.loopParams frames) and (R2) the stale-read barrier (Store residual reads recorded in S.ecoResidualReads/ecoResidualKeyReads; Monomorphize.specializeNodeSaturating re-translates an item against its own saturated store when a recorded erased read was later bound). Enforced three ways: codegen crashes on the erased-container/unboxable-leaf pattern (Patterns.generateMonoPathHelper MONO_029 arms — no reconciling emission is permitted); ECO_MONO_VALIDATE=1 runs Compiler.Monomorphize.ValidateLayout over the final graph (destructure paths, MonoTailCall args vs loop params, tuple construct slots) and fails the compile on violations; SolverLayoutFoldMTest/SolverLayoutFoldMCycleTest are the regression sentinels.;Compiler.MonoSolver.Translate|Compiler.MonoSolver.Store|Compiler.MonoSolver.Monomorphize|Compiler.Monomorphize.ValidateLayout|Compiler.Generate.MLIR.Patterns
MONO_030;Monomorphization;Watchdogs;implemented;Spec creation is guarded by breadth (ECO_SPEC_BREADTH_LIMIT, default 50000 CREATED specs per global) and key-size (ECO_SPEC_TYPE_NODE_LIMIT, default 400000 logical MonoType nodes) watchdogs, enforced on each engine's own error channel - enqueue-time LimitExceeded failures in the solver (Engine.checkSpecWatchdogs, created path only), per-item drain checks in the subst engine (processWorklistPure -> Result String over the specs created during the item) - NO crash paths; both engines share Registry's message formatters. Registry.countByGlobal counts created specs (create/miss branches only, never probe hits; the output graph's rebuilt registry carries it empty). Load-bearing, not defensive: polymorphic recursion IS expressible in legal Elm through annotated mutual cycles (verified 2026-08-18 - see plans/monomorphization-plan.md section 3's correction note; repro fixture test/fixtures/polyrec-mutual - NEVER add it to a compiled suite) and the type dimension has no top fallback (MONO_020/021/024 - set-widening does not bound type-keyed growth), so without the watchdog the monomorphizer diverges on legal source. A limit of 0 disables its check; limits are output-invisible on passing compiles and EXCLUDED from Config.hash. The substitute for the LSS paper's Thm 4.1/5.1 termination guarantees (fidelity mapping GAP-8) and the precondition for treating the LSS budget as policy (GAP-3);Compiler/Monomorphize/Registry.elm + Compiler/MonoSolver/Engine.elm checkSpecWatchdogs + Compiler/Monomorphize/Monomorphize.elm checkNewSpecs + tests/TestLogic/Monomorphize/SpecWatchdogTest.elm
TYPE_SUPER_001;Monomorphization;Constraints;enforced;Type-variable super constraints (Number Comparable Appendable CompAppend) are exported from the solver as data not as name prefixes. Every SchemeRoots entry carries the super read from its root descriptor content (IO.RootedVar.super via SolverRoots.superOfRoot) and every persisted LocalGraph and GlobalGraph carries a varSupers name-to-super map computed at typed-artifact production (TypedOptimized.computeVarSupers). AssignMVarIds derives the CNumber constraint (State.MVarEnv.superVars) exclusively from these two channels: RootedVar.super for solver-rooted binders and varSupers for non-rooted names. The rootEnv is keyed by (moduleKey rootIdx) so per-module solver Pt indices cannot collide across modules.;Compiler.Type.SolverRoots|Compiler.AST.TypedOptimized|Compiler.Monomorphize.AssignMVarIds|Compiler.Monomorphize.State
FORBID_SUPER_NAME_001;CrossPhase;Constraints;enforced;No compiler phase after typed-artifact production may derive type-variable constraint (super) information from variable NAME prefixes. Name.isNumberType and the related is*Type predicates are restricted to surface-syntax ingestion at or before artifact production (solver instantiation in Compiler.Type, TypedOptimized.superOfName which computes varSupers) and to package API diffing (Builder.Deps.Diff). In particular Compiler.Monomorphize contains no name-prefix constraint derivation.;Compiler.Monomorphize.AssignMVarIds|Compiler.AST.TypedOptimized|Builder.Deps.Diff

# =============================================================================
# GLOBAL OPTIMIZATION PHASE - Staging normalization and ABI consistency
# =============================================================================

GOPT_001;GlobalOptimization;Closures;tested;For every MonoClosure with function type MFunction after GlobalOpt the length of closureInfo.params equals the length of stageParamTypes(monoType). This is established by canonicalizeClosureStaging and verified by TestLogic.Generate.MonoFunctionArity test suite. Monomorphize is staging-agnostic; GlobalOpt canonicalizes types to match param counts.;TestLogic.Generate.MonoFunctionArity (collectExprArityIssues)|Compiler.GlobalOpt.MonoGlobalOptimize (canonicalizeClosureStaging)

GOPT_003;GlobalOptimization;Types;enforced;For every MonoCase after normalizeCaseIfAbi all branch result types equal the case result type including staging. The ABI normalization pass uses chooseCanonicalSegmentation to pick a common staging and buildAbiWrapperGO to wrap branches that differ.;Compiler.GlobalOpt.MonoGlobalOptimize (normalizeCaseIfAbi|buildAbiWrapperGO)

GOPT_010;GlobalOptimization;CallInfo;tested;After GlobalOpt every MonoCall has a non-placeholder CallInfo that reflects a staging decision for that call site; no call retains an unknown or default CallInfo.;TestLogic.GlobalOpt.CallInfoComplete (checkNoPlaceholderCallInfo)

GOPT_011;GlobalOptimization;CallInfo;tested;For StageCurried calls CallInfo.stageArities encodes the full stage segmentation of the callee's canonical function type as a non-empty list of positive integers.;TestLogic.GlobalOpt.CallInfoComplete (checkStageAritiesNonEmpty)

GOPT_012;GlobalOptimization;CallInfo;tested;For StageCurried calls the sum of CallInfo.stageArities equals the total number of parameters in the callee's canonical flattened MFunction type.;TestLogic.GlobalOpt.CallInfoComplete (checkStageAritiesSumMatchesArity)

GOPT_013;GlobalOptimization;CallInfo;tested;For StageCurried calls that create or extend a partial application CallInfo.initialRemaining and CallInfo.remainingStageArities together describe exactly how many arguments remain to fully saturate the current closure stage and any subsequent stages in a way consistent with the callee's stageArities and the number of arguments supplied at this call site.;TestLogic.GlobalOpt.CallInfoComplete (checkPartialApplicationAritySemantics)

GOPT_014;GlobalOptimization;CallInfo;tested;For StageCurried calls CallInfo.isSingleStageSaturated is true iff this call does not create or extend a partial application for the callee's current closure stage—that is after applying the provided arguments there is no remaining first-stage arity to carry forward.;TestLogic.GlobalOpt.CallInfoComplete (checkSingleStageSaturated)

GOPT_015;GlobalOptimization;CallInfo;tested;For FlattenedExternal calls CallInfo encodes that there is no staged currying: callModel is FlattenedExternal and stageArities and remainingStageArities are empty with initialRemaining equal to zero; MLIR treats such calls as flat ABI calls.;TestLogic.GlobalOpt.CallInfoComplete (checkFlattenedExternalCallInfo)

GOPT_016;GlobalOptimization;WrapperCalls;documented;ABI wrapper closures created by buildAbiWrapperGO and buildNestedCallsGO invoke their callees stage by stage according to the callee's segmentation; each nested MonoCall passes exactly the number of arguments for that stage and the result becomes the callee for subsequent stages. Verified by construction in buildNestedCallsGO and indirectly via CallInfo invariants GOPT_010-015.;Compiler.GlobalOpt.MonoGlobalOptimize (buildNestedCallsGO)


# =============================================================================
# MLIR CODEGEN PHASE - Generate MLIR from monomorphized IR
# =============================================================================

CGEN_001;MLIR_Codegen;Boxing;enforced;MLIR codegen only inserts boxing and unboxing between immediate MLIR operand types and eco.value and any mismatch between different immediate MLIR operand types such as i64 versus f64 is treated as a monomorphization bug rather than fixed locally;Compiler.Generate.MLIRMono

CGEN_002;MLIR_Codegen;Calls;enforced;generateCall treats calls whose result MonoType is still a function as partial applications and routes them through closure generation and eco.papExtend instead of emitting direct calls;Compiler.Generate.MLIRMono

CGEN_003;MLIR_Codegen;Closures;enforced;Closure partial application and application ops (eco.papCreate, eco.papExtend) compute their unboxed bitmaps solely from SSA operand MLIR types after closure-boundary normalization: only unboxable primitives (i64, f64, i16) are marked unboxed and all other operands (including Bool/i1) are treated as !eco.value, and the _operand_types, unboxed_bitmap, and newargs_unboxed_bitmap attributes must exactly match the SSA operand types and layout used by the runtime;Compiler.Generate.MLIR.Expr|RuntimeExports.cpp

CGEN_004;MLIR_Codegen;Destruct;enforced;generateDestruct and generateMonoPath always use the destructor MonoType to determine the path target MLIR type and never use the body result type so destruct paths yield their natural type and do not spuriously unbox;Compiler.Generate.MLIRMono

CGEN_005;MLIR_Codegen;Projection;enforced;generateMonoPath projects heap fields into SSA operands: when the 2-bit slot kind in the heap layout is non-zero the result is an immediate SSA operand of the matching primitive type (i64/f64/i16); kind=00 yields !eco.value (Updated 2026-04-20: bitmap now encodes 2-bit primitive kinds per slot);Compiler.Generate.MLIRMono

CGEN_006;MLIR_Codegen;Let;enforced;generateLet binds let names directly to the SSA value and MLIR type of the defining expression without wrapping in eco.construct so variable bindings preserve original boxed or unboxed representation;Compiler.Generate.MLIRMono

CGEN_007;MLIR_Codegen;Signatures;enforced;boxToMatchSignature and boxToMatchSignatureTyped adjust call arguments only to satisfy ABI representation rules without changing heap layout or SSA operand representation;Compiler.Generate.MLIRMono

CGEN_008;MLIR_Codegen;Attributes;documented;eco.construct eco.project eco.call and eco.return always carry an _operand_types attribute whose entries exactly match the MLIR SSA operand types used at that call site;Compiler.Generate.MLIRMono

CGEN_009;MLIR_Codegen;Booleans;documented;Boolean constants may appear as i1 immediate SSA operands only in control-flow contexts (case scrutinees) and are otherwise represented as !eco.value constants at ABI, heap, and closure boundaries;PLAN.md known issues section

CGEN_010;MLIR_Codegen;Case;enforced;Every eco.case is SSA value-producing: it has explicit MLIR result types on the op itself (not a result_types/caseResultTypes attribute), and every alternative region terminates with eco.yield whose operand arity and types exactly match the eco.case result types;Compiler.Generate.MLIR.Expr and runtime/src/codegen/Ops.td

CGEN_011;MLIR_Codegen;Functions;enforced;Every function referenced by eco.call must have a corresponding func.func definition or declaration in the module so no undefined function symbols escape MLIR codegen and the UndefinedFunction pass validates this invariant by failing the build on any violation;Compiler.Generate.MLIRMono and UndefinedFunction.cpp

CGEN_012;MLIR_Codegen;TypeMapping;enforced;monoTypeToMlir maps immediate MonoTypes to their unboxed MLIR types so MInt becomes i64 and MFloat becomes f64 and MChar becomes i16 and all other MonoTypes including MBool MVar and compound types become eco.value;Compiler.Generate.CodeGen.MLIR

CGEN_013;MLIR_Codegen;Types;documented;At MLIR codegen time any MonoType component that is an MVar with CEcoValue constraint is always lowered to !eco.value so its concrete source type never affects generated layout or calling convention;Compiler.Generate.MLIRMono

CGEN_014;MLIR_Codegen;CtorLayouts;enforced;MLIR codegen does not consult GlobalTypeEnv for union definitions and relies solely on MonoGraph.ctorLayouts for constructor metadata so all CtorLayout information is pre-computed during monomorphization and passed to MLIR codegen via the MonoGraph;Compiler.Generate.CodeGen.MLIR and Compiler.Generate.Monomorphize

CGEN_015;MLIR_Codegen;TypeMapping;enforced;monoTypeToMlir maps MChar to i16 (Eco_Char) not i32 and all codegen char constants and ops must use i16;Compiler.Generate.MLIR.Types and runtime/src/codegen/Ops.td

CGEN_016;MLIR_Codegen;Construction;enforced;List values are constructed only with eco.construct.list for Cons cells and eco.constant Nil for empty lists and never with eco.construct.custom;Compiler.Generate.MLIR.Expr and runtime/src/codegen/Ops.td

CGEN_017;MLIR_Codegen;Construction;enforced;Tuples are constructed only with eco.construct.tuple2 for 2-tuples and eco.construct.tuple3 for 3-tuples and never with eco.construct.custom;Compiler.Generate.MLIR.Expr and runtime/src/codegen/Ops.td

CGEN_018;MLIR_Codegen;Construction;enforced;Records are constructed with eco.construct.record when field_count is nonzero and empty records are always eco.constant EmptyRec and never heap allocated;Compiler.Generate.MLIR.Expr and runtime/src/codegen/Ops.td

CGEN_019;MLIR_Codegen;Constants;enforced;Well known singleton values Unit True False Nil Nothing EmptyString and EmptyRec are always created via eco.constant and never via eco.construct or allocation;Compiler.Generate.MLIR.Ops and Compiler.Generate.MLIR.Expr

CGEN_020;MLIR_Codegen;Construction;enforced;eco.construct.custom is used only for user defined custom ADTs and its tag size and 2-bit-per-slot unboxed_bitmap attributes and operand count match the CtorLayout selected from MonoGraph.ctorLayouts (Updated 2026-04-20: bitmap now encodes 2-bit primitive kinds per slot; size <= 24);Compiler.Generate.MLIR.Functions and Compiler.Generate.MLIR.Expr and Compiler.Generate.Monomorphize

CGEN_021;MLIR_Codegen;Projection;enforced;List destructuring uses eco.project.list_head and eco.project.list_tail only and never eco.project.custom or tuple or record projection ops;Compiler.Generate.MLIR.Ops and runtime/src/codegen/Ops.td

CGEN_022;MLIR_Codegen;Projection;enforced;Tuple destructuring uses eco.project.tuple2 or eco.project.tuple3 with field index in range and never eco.project.custom or eco.project.record;Compiler.Generate.MLIR.Ops and runtime/src/codegen/Ops.td

CGEN_023;MLIR_Codegen;Projection;enforced;Record field access uses eco.project.record with field_index in range and never eco.project.custom;Compiler.Generate.MLIR.Ops and runtime/src/codegen/Ops.td

CGEN_024;MLIR_Codegen;Projection;enforced;Custom ADT field access uses eco.project.custom with field_index in range and no other projection op is used for custom ADT fields;Compiler.Generate.MLIR.Ops and runtime/src/codegen/Ops.td

CGEN_025;MLIR_Codegen;TypeConsistency;enforced;All eco.construct.* operations produce !eco.value results regardless of whether any fields are stored unboxed; the SSA-only sibling family eco.make.* (eco.make.tuple2 eco.make.tuple3 eco.make.record eco.make.custom eco.make.cons eco.make.closure_env) instead produces a parameterised aggregate type (!eco.tuple2 etc.) and currently has NO producer pass — the EcoUnboxedAggSpecialize introducer was deleted with the escape-analysis pass stack after its measured-failure postmortem (design_docs/globalopt/borrow-inference-design.md SS2.1-2.2); only hand-written test fixtures produce eco.make.* today, and the next producer is the U-T1.3 aggregate-promotion consumer (plans/opt-tier1-aggregate-promotion.md) (Updated 2026-08-02 T1.3.0);runtime/src/codegen/Ops.td

CGEN_026;MLIR_Codegen;UnboxedBitmap;enforced;For eco.construct.tuple2 eco.construct.tuple3 eco.construct.record and eco.construct.custom the unboxed_bitmap is derived solely from SSA operand MLIR types via encodeUnboxedKind; slot i occupies bits [2i, 2i+1] with kind 00=boxed, 01=i64 (Int), 10=f64 (Float), 11=i16 (Char) (Updated 2026-04-20: bitmap now encodes 2-bit primitive kinds per slot);runtime/src/codegen/Ops.td and Compiler.Generate.MLIR.Expr and Compiler.Generate.MLIR.Ops

CGEN_027;MLIR_Codegen;UnboxedBitmap;enforced;For eco.construct.list the head_unboxed boolean is true iff the SSA head operand type is unboxable and the paired head_kind attribute encodes the 2-bit slot kind (00=boxed, 01=Int, 10=Float, 11=Char) stored into cons->header.unboxed slot 0 (Updated 2026-04-20: head_kind attribute added alongside head_unboxed);runtime/src/codegen/Ops.td and Compiler.Generate.MLIR.Ops

CGEN_028;MLIR_Codegen;ControlFlow;enforced;Every eco.case alternative region terminates with eco.yield and no alternative falls through past the end of a region; eco.return, eco.jump, eco.crash, and eco.unreachable are forbidden inside eco.case alternatives (except if nested under other non-eco.case regions that are never emitted directly by MLIR codegen);runtime/src/codegen/Ops.td and Compiler.Generate.MLIR.Expr

CGEN_029;MLIR_Codegen;ControlFlow;enforced;eco.case tags array length equals the number of alternative regions;runtime/src/codegen/Ops.td

CGEN_030;MLIR_Codegen;ControlFlow;enforced;eco.jump target refers to a lexically enclosing eco.joinpoint with matching id and jump argument types match the joinpoint block argument types;runtime/src/codegen/Ops.td and runtime/src/codegen/Passes/EcoToLLVM and JoinpointNormalization.cpp

CGEN_031;MLIR_Codegen;ControlFlow;enforced;Within a single func.func each eco.joinpoint id is unique to avoid joinpoint target ambiguity during lowering;runtime/src/codegen/Passes/EcoToLLVM

CGEN_032;MLIR_Codegen;Attributes;enforced;_operand_types is required and must match SSA operand types when an op has one or more operands and may be omitted for zero operand ops;Compiler.Generate.MLIR.Ops and Compiler.Generate.MLIR.Expr

CGEN_033;MLIR_Codegen;Closures;enforced;eco.papCreate requires arity greater than 0 and num_captured equals the number of captured operands and num_captured is less than arity;Compiler.Generate.MLIR.Expr and runtime/src/codegen/Ops.td

CGEN_034;MLIR_Codegen;Closures;documented;MLIR codegen emits eco.papExtend with !eco.value result type and produces immediate results only by inserting an eco.unbox after papExtend when the expected result type is an immediate MLIR operand type;Compiler.Generate.MLIR.Expr and runtime/src/codegen/Ops.td

CGEN_035;MLIR_Codegen;ModuleStructure;enforced;Each module has at most one eco.type_table op at module scope;Compiler.Generate.CodeGen.MLIR

CGEN_036;MLIR_Codegen;ModuleStructure;enforced;When eco.dbg carries arg_type_ids each referenced type id must refer to a valid entry in the module eco.type_table;Compiler.Generate.CodeGen.MLIR

CGEN_037;MLIR_Codegen;Case;enforced;eco.case scrutinee representation and case_kind agree: scrutinee is i1 only for boolean cases and scrutinee is !eco.value for ctor/int/chr/str cases and if case_kind is present it matches the scrutinee interpretation;runtime/src/codegen/Ops.td

CGEN_038;MLIR_Codegen;KernelABI;enforced;All calls to the same kernel function name use exactly the same MLIR argument and result types across the whole module and any mismatch is a codegen bug;Compiler.Generate.MLIR.Context

CGEN_039;MLIR_Codegen;LoweringBoundary;documented;MLIR codegen does not emit eco.allocate eco.allocate_ctor eco.allocate_string or eco.allocate_closure and these allocation ops are introduced only by later lowering from eco.construct and related high level ops;runtime/src/codegen/Ops.td

CGEN_040;MLIR_Codegen;OperandTypes;enforced;For any operation that carries an `_operand_types` attribute, the attribute list length must equal the SSA operand count and each declared operand type must exactly match the corresponding SSA operand type (same order, no boxing/unboxing implied);tests/Compiler/Generate/CodeGen/Invariants.elm and runtime/src/codegen/Ops.td

CGEN_041;MLIR_Codegen;ModuleStructure;enforced;Within a module, all symbol definitions must be unique: no two `func.func` operations may have the same `sym_name` (and, more generally, no two symbol-bearing ops may define the same symbol);tests/Compiler/Generate/CodeGen/Invariants.elm and MLIR func dialect (func.func sym_name)

CGEN_042;MLIR_Codegen;ControlFlow;enforced;Every block in every region emitted by MLIR codegen must end with a terminator operation (e.g. eco.return eco.jump eco.crash eco.unreachable eco.yield scf.yield cf.br cf.cond_br), and each eco.case alternative region must be properly terminated with eco.yield with no fallthrough past the end of the region;tests/Compiler/Generate/CodeGen/Invariants.elm and runtime/src/codegen/Ops.td

CGEN_043;MLIR_Codegen;Case;enforced;`eco.case` scrutinee representation and `case_kind` agree: `case_kind="bool"` requires an `i1` scrutinee, `case_kind="int"` requires an `i64` scrutinee, `case_kind="chr"` requires an ECO char scrutinee type, `case_kind="ctor"` requires a boxed `!eco.value` scrutinee, and `case_kind="str"` requires a boxed `!eco.value` scrutinee;runtime/src/codegen/Ops.td and tests/Compiler/Generate/CodeGen/Invariants.elm

CGEN_044;MLIR_Codegen;Calls;enforced;Every `eco.call` callee must resolve to an existing `func.func` symbol in the module (definition or declaration), and calls must not target placeholder/stub implementations when a non-stub implementation is present (i.e. the selected callee must be the intended, non-trivial definition for that logical function);tests/Compiler/Generate/CodeGen/Invariants.elm and runtime/src/codegen/Passes.h

CGEN_045;MLIR_Codegen;ControlFlow;enforced;eco.case is not a block terminator: it may appear mid-block as a value-producing expression op and its result SSA values may be used by subsequent operations in the same block;Compiler.Generate.MLIR.Expr and runtime/src/codegen/Ops.td

CGEN_046;MLIR_Codegen;ControlFlow;enforced;eco.case has no implicit control-flow exits: it always produces its results via eco.yield in exactly one selected alternative, and control continues in the enclosing block after the eco.case operation;Compiler.Generate.MLIR.Expr and runtime/src/codegen/Ops.td

CGEN_047;MLIR_Codegen;ControlFlow;enforced;Every decider region that becomes an eco.case alternative has a non-empty op list whose last op is eco.yield, and codegen never manufactures dummy eco.return terminators to "patch" unterminated decider regions; hitting a non-eco.yield tail in a case alternative is a codegen bug;Compiler.Generate.MLIR.Expr

CGEN_048;MLIR_Codegen;ControlFlow;enforced;The EcoControlFlowToSCF pass matches value-producing eco.case regardless of its position in a block, and rewrites it to scf.if or scf.index_switch by translating eco.yield terminators in alternatives to scf.yield and replacing the original eco.case results with the SCF op results;runtime/src/codegen/Passes/EcoControlFlowToSCF.cpp

CGEN_049;MLIR_Codegen;Closures;enforced;eco.papCreate and eco.papExtend unboxed_bitmap attributes are limited to 52 bits supporting at most 26 typed captures under 2-bit kind encoding; slot i kind at bits [2i, 2i+1] must match the i-th operand SSA type (kind 00 ↔ !eco.value, 01 ↔ i64, 10 ↔ f64, 11 ↔ i16) (Updated 2026-04-20: bitmap now encodes 2-bit primitive kinds per slot; max 26 typed slots);runtime/src/codegen/EcoOps.cpp and Compiler.Generate.MLIR.Expr

CGEN_050;MLIR_Codegen;Lambdas;enforced;Lambda functions use typed signatures where capture parameters have their actual MonoType mapped to MLIR types and return types match the body expression type rather than always using eco.value so no internal boxing or unboxing is needed for immediate captures and returns;Compiler.Generate.MLIR.Lambdas

CGEN_051;MLIR_Codegen;Closures;enforced;eco.papCreate arity attribute must equal the number of parameters that its referenced function symbol accepts so partial applications track the correct total arity;Compiler.Generate.MLIR.Expr

CGEN_052;MLIR_Codegen;Closures;enforced;In typed mode (remaining_arity attribute present) eco.papExtend remaining_arity must equal the source PAP's remaining arity before this application (i.e. source's arity - num_captured for papCreate or previous remaining for chained papExtend) and must be >= num_new_args so the runtime can correctly determine whether the application is partial or saturated. In generic mode (remaining_arity absent) this invariant does not apply — saturation is determined at runtime from the closure header;Compiler.Generate.MLIR.Expr

CGEN_053;MLIR_Codegen;ControlFlow;enforced;eco.yield may only appear as the terminator of an eco.case alternative region and is forbidden in all other regions (including function bodies, joinpoint bodies, and SCF regions);runtime/src/codegen/Ops.td

CGEN_054;MLIR_Codegen;ControlFlow;enforced;eco.return is forbidden inside eco.case alternative regions (eco.yield is the only legal case-alternative terminator) to prevent accidental non-local exits from within a value-producing case;runtime/src/codegen/Ops.td and Compiler.Generate.MLIR.Expr

CGEN_055;MLIR_Codegen;Closures;enforced;When an ABI wrapper closure is created for a target segmentation [s1 s2 ...] the wrapper must have nested closure structure where the outermost closure has exactly s1 parameters (not the total flat arity) so that papCreate.remaining equals s1 and all case branches producing closures with the same staged type have identical papCreate.remaining values. This is a defense-in-depth check at MLIR level that depends on GOPT_001 being satisfied at the GlobalOpt level;Compiler.GlobalOpt.MonoGlobalOptimize (buildAbiWrapperGO)

CGEN_056;MLIR_Codegen;Closures;enforced;For every typed-mode eco.papExtend (remaining_arity present) that represents a fully saturated closure application (isSaturatedCall) of some func.func @f, the eco.papExtend result MLIR type must equal the result type of @f's func.func signature. Generic-mode eco.papExtend (remaining_arity absent) always has !eco.value result type and this invariant does not apply.

CGEN_057;MLIR_Codegen;KernelABI;enforced;Every kernel function symbol (Elm_Kernel_*) that appears in a papCreate papExtend or eco.call operation must have a corresponding func.func declaration with is_kernel=true and a function_type attribute whose parameter and result types match the ABI-level types computed by the Elm compiler from MonoType via monoTypeToAbi. Enforced by: (1) compiler registerKernelCall + generateKernelDecl at construction time (2) PapCreateOp and PapExtendOp verifiers hard-error on missing kernel declarations (3) UndefinedFunctionPass catches eco.call to undeclared symbols (4) EcoToLLVM getOrCreateWrapper fatal error on missing origFuncTypes entry for kernel functions;Context.registerKernelCall|Functions.generateKernelDecl|EcoOps.cpp|EcoToLLVMClosures.cpp

CGEN_058;MLIR_Codegen;Closures;enforced;eco.papExtend in generic mode (no remaining_arity attribute) is the generic apply operation. EcoToLLVM lowers it by calling eco_apply_closure which reads the closure header (n_values/max_values) at runtime to determine saturation. Under-saturated returns a new PAP; exactly saturated calls the evaluator; over-saturated chains stage evaluators recursively. Result type must be !eco.value. Typed closure calling attributes (_dispatch_mode _fast_evaluator _closure_kind) are ignored in generic mode;EcoToLLVMClosures.cpp|Compiler.Generate.MLIR.Expr

CGEN_059;MLIR_Codegen;Closures;enforced;Generic-mode eco.papExtend (no remaining_arity attribute) is the generic apply operation. EcoToLLVM lowers it by building a typed i64* args buffer (no LLVM-side boxing of primitives) plus an EvalParamLayout describing each slot kind, then calling eco_apply_closure_typed. The runtime helper interprets the buffer per the layout (Int as i64, Float as bitcast f64, Char as zext i16, others as !eco.value HPointer) and is the single locus where any required re-boxing occurs; the LLVM IR for generic apply must not contain eco_alloc_int / eco_alloc_float / eco_alloc_char calls introduced solely to box arguments before the call.;EcoToLLVMClosures.cpp|Compiler.Generate.MLIR.Expr

RUNTIME_CLOSURE_004;Runtime_Heap;Closures;enforced;eco_apply_closure handles over-saturated calls by chaining per-stage evaluators. When num_args > remaining (max_values - n_values) it saturates the current stage then recursively applies remaining args to the result closure. The intermediate result is a closure for the next stage with its own n_values/max_values header. GC safety is maintained because intermediate results are held in C stack locals;RuntimeExports.cpp

GOPT_016;GlobalOptimization;CallKind;enforced;CallInfo.callKind determines the MLIR call lowering strategy. CallDirectFlat is used for FlattenedExternal (kernels/externs). CallDirectKnownSegmentation is used for StageCurried calls where the callee closure has a traceable body with known staging. CallGenericApply is used for StageCurried calls where the callee is dynamic, has polymorphic return, or has unknown evaluator ABI (MonoVarLocal or other non-global/non-kernel callee). CallSegmentationUnknown is used for StageCurried calls where the callee has known evaluator ABI (global or kernel) and known monomorphic ABI types but untrusted staging (sourceArityInfo = FromType or hasUnknownExcessArgs) and the callee is not dynamic and does not have polymorphic return;Compiler.GlobalOpt.MonoGlobalOptimize

CGEN_060;MLIR_Codegen;PapExtendSegUnknown;enforced;For eco.papExtend with _call_kind = segmentation_unknown remaining_arity must be absent. EcoToLLVM lowers the op by building a single typed i64* args buffer (no LLVM-side boxing of primitives) plus an EvalParamLayout describing each slot's ParamKind, then calling eco_apply_segmentation_unknown. The runtime helper reads the closure header to determine saturation and dispatches: under-saturated calls go to eco_pap_extend with a 2-bit-per-slot bitmap derived from the layout; saturated and over-saturated calls forward to eco_apply_closure_typed which centralises any required primitive re-boxing. The LLVM IR for segmentation_unknown apply must not contain eco_alloc_int / eco_alloc_float / eco_alloc_char calls introduced solely to box arguments before the call.;EcoToLLVMClosures.cpp (lowerSegmentationUnknown)|RuntimeExports.cpp (eco_apply_segmentation_unknown)

CGEN_061;MLIR_Codegen;ValueAggregates;enforced;The SSA-only aggregate ops eco.make.tuple2 eco.make.tuple3 eco.make.record eco.make.custom eco.make.cons and eco.make.closure_env are Pure (NoMemoryEffect) and carry no live_roots operand: they materialise an LLVM struct value rather than allocating a heap object; eco.make.closure is the sole exception because it allocates a heap closure but uses a stack-allocated capture buffer of value-aggregate type;runtime/src/codegen/Ops.td and runtime/src/codegen/Passes/EcoToLLVMValueAgg.cpp

CGEN_062;MLIR_Codegen;ToHeap;enforced;eco.to_heap accepts any aggregate type (!eco.tuple2 !eco.tuple3 !eco.record !eco.custom !eco.cons) as operand and produces a !eco.value heap pointer by allocating the corresponding heap object and copying fields; eco.to_heap explicitly rejects !eco.closure_env operands because closure environments only flow into eco.make.closure and never to the heap as standalone objects (verified by ToHeapOp::verify);runtime/src/codegen/Ops.td and runtime/src/codegen/EcoOps.cpp

CGEN_063;MLIR_Codegen;FromHeap;enforced;eco.from_heap is the inverse of eco.to_heap: it accepts an !eco.value HPointer and produces any data-aggregate type (!eco.tuple2 !eco.tuple3 !eco.record !eco.custom !eco.cons) by resolving the heap pointer once and loading each field at the corresponding heap-layout offset (Tuple2FirstOffset/Tuple3FirstOffset/RecordFieldsOffset/CustomFieldsOffset/Cons{Head,Tail}Offset). It is Pure (Elm heap immutability lets the load be reordered) and explicitly rejects !eco.closure_env results because closure environments are produced by eco.make.closure_env or read from the closure header, never by unboxing a heap aggregate (verified by FromHeapOp::verify);runtime/src/codegen/Ops.td and runtime/src/codegen/EcoOps.cpp and runtime/src/codegen/Passes/EcoToLLVMValueAgg.cpp

CGEN_065;MLIR_Codegen;LogicalTypes;enforced;Functions emitted by the Elm→MLIR generator carry eco.logical_param_types and eco.logical_result_types ArrayAttrs of StringAttr at every emission site that handles user-facing or inferable signatures (generateClosureFuncSingle generateClosureFuncWithClones generateTailFunc generateCtor generateEnum generateExtern generateManagerLeaf generateKernelDecl and the inline-lambda fast/$clo clones in Lambdas.generateLambdaFunc). Each entry is a small DSL string: "i64"/"f64"/"i16"/"i1" for primitives, "value" for !eco.value or any opaque/LUnknown shape, "tuple2:K0:K1" / "tuple3:K0:K1:K2" for tuples (K is i/f/c/v for i64/f64/i16/value), "record:N:K0:...:KN-1" for records in computeRecordLayout order, "custom:Tag:N:K0:...:KN-1" for single-constructor customs with N≤customMaxFields fields (multi-ctor and oversized customs encode as "value"), and "cons:Khead:Ktail" for list cons cells (tail is always "v" since List is recursive; cross-spec maps Cons to AggKind::None per Q4). Generic clones ($clo) encode the opaque closure pointer slot as "value". Both absent attributes and all-"value" shapes are conservatively non-eligible for any consumer (LUnknown clause). NOTE 2026-08-02: emission is live (66K+ attrs per self-compile MLIR) but consumer-less since the CrossSpec deletion; designated metadata source for U-T1.3.3 result promotion;Compiler.Generate.MLIR.LogicalTypes and Compiler.Generate.MLIR.Functions and Compiler.Generate.MLIR.Lambdas

CGEN_066;MLIR_Codegen;FlattenBoundary;documented;RETIRED-PASS RECORD (2026-08-02 U-T1.3.0): the producing pass was deleted after the measured-failure postmortem (design_docs/globalopt/borrow-inference-design.md SS2.1-2.2); this row is preserved as the salvageable spec for the U-T1.3.3 re-landing (plans/opt-tier1-aggregate-promotion.md) and re-ratifies to enforced when that lands. Original text: EcoFlattenAggBoundary is the sole pass allowed to introduce multi-arg / multi-result func.func signatures derived from aggregate boundary types and is the sole pass that produces eco.flattened_boundary = unit attributes. It runs after EcoUnboxedAggCrossSpec and the per-function escape-analysis / specialise passes; after it runs no value-aggregate type appears at any func.func boundary anywhere in the module — every aggregate-typed param/result has been split into N scalar params/results with eco.make.* / eco.project.* shims at the entry block (params) and at every func.return (results) and every func.call site of the flattened function. Cons and !eco.closure_env aggregate types are NOT flattened (Q4: Cons stays !eco.value at boundaries; closure envs are Phase 4 scope). Phase 3.3 amendment: EcoUnboxedAggCrossSpec is the only other source of new func.func parameters — it prepends one !llvm.ptr (addrspace 0) outparam per Sret-classified result on the worker's signature. Those leading outparams are !llvm.ptr never an aggregate type and therefore do not require flattening; EcoFlattenAggBoundary observes them, ignores them at the boundary, and continues flattening any aggregate-typed params on the same worker as usual;runtime/src/codegen/Passes/EcoFlattenAggBoundary.cpp

CGEN_067;MLIR_Codegen;SretStoreBeforeReturn;enforced;RE-LANDED (2026-08-03 U-T1.3.3): the discipline is now STRUCTURAL — a multi-result func.func lowers via SretFuncOpLowering to (slot !llvm.ptr, args...) -> void, and the multi-operand eco.return arm in EcoToLLVMControlFlow emits the per-field GEP+stores IMMEDIATELY before func.return, so no statepoint or side effect can intervene by construction; caller side (EcoToLLVMClosures sret call arm) allocas the slot in the caller's ENTRY block and reloads the fields immediately after the call. Pinned by test/codegen/value_sret_result_llvm.mlir (post-RS4GC: slot as plain statepoint argument, reloaded ptr addrspace(1) fields relocation-tracked). Original retired-pass text follows for the un-relanded worker-tag machinery. Original text: Every func.func tagged eco.unboxed_worker whose signature contains an Sret outparam (a leading !llvm.ptr appearing before the worker's logical params) writes each field of the corresponding logical result via per-element llvm.getelementptr + llvm.store immediately before its func.return — no statepoint, no GC-may-call op, and no other side-effecting op may appear between the first sret store of any return and its terminator. This guarantees that the pointer the worker writes to the slot is the post-relocation form (whichever GC moves happen inside the worker have already settled), so the wrapper's subsequent llvm.load yields a valid ptr addrspace(1). Caller-side: the slot is allocated by llvm.alloca in LLVM addrspace 0 (host memory in the wrapper's stack frame), so RS4GC does not track it as a heap reference — it lives across the worker call as a normal SSA value whose pointee is the caller's frame. The loaded ptr addrspace(1) values become regular SSA pointers and are tracked through any subsequent statepoint (typically eco.construct.* in the wrapper's re-box step, or eco.to_heap elsewhere) via standard relocation rules;CGEN_064|REP_AGG_001|runtime/src/codegen/Passes/EcoUnboxedAggCrossSpec.cpp
CGEN_068;MLIR_Codegen;CafMemoGuard;enforced;CAF memoization (plans/caf-memoization-implementation.md design_docs/caf-memoization-design.md): a func.func tagged eco.caf_memo must be an arity-0 value thunk with !eco.value result and a matching __eco_caf$<name> eco.global referenced by no other function. The Elm backend stamps only MonoDefine thunks that pass cafMemoQualifies (config cafMemo.enabled + !eco.value ABI result + non-trivial body + main/ports never stamped; effect types are NOT excluded since plans/task-purity-and-caf-guard-removal.md 2026-07-23 - Tasks are immutable deferred requests per KERNEL_TASK_IO_001 so memoized Task CAFs are sound). EcoToLLVM's serial post-Stage-2 phase (installCafMemoGuard - before createGlobalRootInitFunction and the unused-decl strip - skipping eco.shadow_roots funcs) wraps each tagged function: new entry loads the slot i64 + icmp ne 0 + cond_br to a hit block returning globalLoadI64ToValue(bits) and every llvm.return additionally stores globalStoreValueToI64(result) to the slot immediately before returning with no interleaving statepoint. Slot value 0 is reserved as uninitialized (no valid !eco.value word is 0 - pointers are nonzero and embedded constants are 0x4/0x5/0x6 or a null-cons word (idx<<43)|0b111 whose low bits are never 0 - HEAP_044). NULLARY CTOR AND ENUM SPECS ARE NO LONGER MEMOIZED (amended by CGEN_079(d), plans/null-cons-hpointer-embedding.md): they compile to embedded null-cons constants, so their bodies are constant-returning - a once-guard buys nothing and the slot would be a second copy of nothing; generateNodeInner's MonoEnum arm emits neither the eco.global nor the eco.caf_memo stamp. ECO_CAF_MEMO=0 compile-time escape (hash token cafm). CALLER-SIDE FAST PATH (Run W - default ON - ECO_CAF_CALLER_FAST=0 escape): the same phase rewrites every zero-arg call to a tagged thunk into an scf.if diamond (slot load + icmp ne 0 - hit arm barrier-casts the cached word with NO call - miss arm keeps the original call so the callee guard publishes). Built as an scf.if EXPRESSION never block surgery (post-Stage-2 bodies still contain single-block scf regions - the P2.5 constraint). Pinned by test/codegen/caf_memo_basic.mlir caf_memo_gc.mlir caf_memo_constant.mlir caf_memo_caller_fast.mlir;Compiler.Generate.MLIR.Functions|EcoToLLVM.cpp|EcoToLLVMGlobals.cpp|REP_LLVM_001|REP_LLVM_002
CGEN_069;MLIR_Codegen;CafHoist;enforced;CAF hoisting (plans/caf-hoist-closed-expressions.md - DEFAULT-OFF per Run V economics): when cafMemo.hoist.enabled the GlobalOpt tail pass CafHoist.run appends fresh nullary MonoDefine specs for eligible MAXIMAL closed subexpressions (collect+replace - a closed+eligible node swallows nested candidates and ineligible closed parents let eligible children through) and replaces each site with MonoVarGlobal. Surgery is APPEND-ONLY: nodes and registry.reverseMapping are pushed in mint order with registry.nextId advanced (entry assertion nextId == |nodes| == |reverseMapping| crashes on drift); registry.mapping callEdges specHasEffects specValueUsed nextLambdaIndex main ports flagsDecoder are untouched (registry.mapping specHasEffects specValueUsed are dead post-GlobalOpt and cleared by Mono.clearLssTables; the others are frozen - callEdges is NOT dead: buildBodyLookup reads it at codegen for isRecursive and the hoisted specs having no rows is part of its deliberate staleness - see MONO_022). Moves are VERBATIM (CallInfo per-node - jumps case-local). Eligibility: closed + candidate kind + size >= minNodes + value-ABI (HEAP_035) + NOT function-typed (a hoisted callee-position composition invalidates the enclosing call's staged CallInfo - typed-apply arity assert - pinned by the Combinator corpus tests) + not pkg-bytes typed/headed (fusion's strict reifier does not look through bare globals in operand position) + no Debug kernel refs. Dedupe merges closure-free subtrees ONLY by region-zeroed structural EQUALITY (collision-impossible) - closure-containing subtrees hoist per-site (lambdaId is LSS/ABI identity). Deterministic: specId-order fold + traversal-order minting; flag-on self-compile fixed point is byte-exact;Compiler.GlobalOpt.CafHoist|Compiler.GlobalOpt.CafCensus|CGEN_068|HEAP_035

CGEN_064;MLIR_Codegen;UnboxedWorkerTag;documented;PARTIALLY RE-LANDED (2026-08-03 U-T1.3.3 v1): the sret result ABI is live — a MULTI-RESULT func.func IS the worker signal (no eco.unboxed_worker tag, no eligibility fixpoint); v1 is SRET-ONLY (all-primitive results also route through the slot; the kMaxDirectFields=3 SelectionDAG evidence below stands for a future Direct multi-return re-landing). Case results on the promoted spine use DECOMPOSED YIELDS exactly as the Phase 3.4#1 clause records (N scalar eco.case results + one block-local eco.make.* rebuild after the merge — an aggregate block argument carrying ptr addrspace(1) trips RS4GC's FCA liveness assert, re-confirmed empirically 2026-08-03). Remaining text is the retired-pass record. Original text: Worker functions produced by EcoUnboxedAggCrossSpec carry the unit attribute eco.unboxed_worker. The pass uses this marker to skip already-specialised functions on re-entry and to identify workers in downstream passes. PAP/indirect-call conservatism is enforced implicitly via the per-param use check: any aggregate parameter whose uses include eco.papCreate eco.papExtend scf.while or non-eligible-callee call sites is demoted to Boxed before the worker signature is built so the wrapper retains the original ABI for closure-mediated callers. Phase 3.1 #5 extension: cross-spec runs a fixpoint analysis admitting calls to other already-eligible workers (the fixpoint loop iterates until no new functions are promoted); call sites inside a worker body whose callee is in the eligible set are redirected to the callee's $unboxed worker (with eco.from_heap bridges where necessary) to avoid box/unbox round-trips in chained pipelines. Self-recursion (a single-node SCC with a self-edge) is allowed and handled in-place. Phase 3.2 #1 extension: a second analysis pass after the DAG fixpoint runs an inner per-SCC fixpoint over each multi-member SCC, admitting same-SCC calls as if the callee were eligible iff the callee's tentative slot shape matches the caller's at that position (verified via aggregateShapesMatch). Demotion in any member propagates through to every other member referencing that slot, so surviving shapes are mutually consistent by construction. Members commit independently once tentative shapes stabilise; the existing CalleeRedirect machinery rewrites intra-SCC calls to the appropriate $unboxed worker (or leaves them on the wrapper for members with no promoted slots). Phase 3.3 extension (sret): for each aggregate result whose element list contains at least one !eco.value the worker signature drops that result from the LLVM return list and prepends a leading !llvm.ptr (addrspace 0) outparam in its place, in source order. Workers may mix Direct returns (all-primitive aggregates and scalars) with Sret outparams on the same function. Wrappers allocate the slot via llvm.alloca of a literal !llvm.struct<...> matching the aggregate's element layout (with !eco.value mapped to ptr addrspace(1)), pass the slot pointer as the leading operand to the worker call, then load each field back via per-element GEP+load and rebuild and re-box the aggregate via a single eco.construct.* op (the wrapper feeds the loaded sret-slot fields directly as construct operands; no intermediate eco.make.* / eco.to_heap pair is built, so no register-form FCA exists in the wrapper). Intra-worker calls to other Sret-classified callees follow the same allocate-pass-load-rebuild pattern locally. The ABI choice is recorded on Candidate::resultAbis and CalleeRedirect::resultAbis and is derived from the result's element types (chooseResultAbi). Direct ABI is additionally capped at kMaxDirectFields elements (currently 3): all-primitive aggregates with more than kMaxDirectFields fields route through Sret rather than Direct because LLVM 21's SelectionDAG StatepointLowering asserts CallEnd != CALLSEQ_END (StatepointLowering.cpp:354) when lowering a gc.statepoint call whose result is a wide LLVM struct — the walker hits the CopyFromReg-per-field chain emitted by SelectionDAG between the call and CALLSEQ_END. Phase A empirical sweep (test/codegen/llvm-statepoint-struct-return-{N}.mlir) shows N=1..3 pass and N=4..8 assert; the cap is the largest pass-count. Phase 3.4 #1 extension (join shapes as result producers): the result-side eligibility check accepts an aggregate return reached through `arith.select` (recursive on both arms) or `eco.case` (recursive on every alternative's matching `eco.yield` operand). Bottom-of-chain leaves stay the existing set (construct.*, from_heap, eligible/same-SCC call result, block-arg passthrough). The rewrite hoists the aggregate decomposition out of `eco.case` alternatives — each yield's aggregate operand is decomposed into N per-field projections, the `eco.case` is rebuilt with N scalar result types, and a single `eco.make.*` after the case rebuilds the aggregate. `arith.select` results are retyped in place. The `eco.case` widening (Eco_AnyValueOrAggregate result type) and `eco.yield`/`eco.return` operand widening flow through Ops.td. Walks both `func.return` and `eco.return` so Elm-generated function bodies (which terminate with `eco.return`) reach the same promotion path as hand-written codegen fixtures. Sret combined with eco.return on aggregates carrying `!eco.value` elements is allowed without an all-primitive gate: the wrapper's re-box is a single eco.construct.* op (rather than the eco.make.* + eco.to_heap pair used before plans/wrapper-fca-fix.md Fix A landed), and the Record/Custom eco.to_heap lowering pre-extracts every field before the alloc safepoint (Fix B), so RS4GC never sees an FCA over `ptr addrspace(1)` from the wrapper or the to_heap path. Phase 3.4 #2 (eco.joinpoint loop-carry support) is deferred — the use-check + rewrite would walk the joinpoint body, every eco.jump's matching operand, and the continuation block-args; design specified in plans/escape-analysis-implementation.md §3.4#2;runtime/src/codegen/Passes/EcoUnboxedAggCrossSpec.cpp

REP_AGG_001;CrossPhase;ValueAggregates;enforced;Aggregate value types (!eco.tuple2 !eco.tuple3 !eco.record !eco.custom !eco.cons !eco.closure_env) are SSA-only by default: they participate in MLIR SSA dataflow and lower to LLVM struct types of i64/f64/i16/ptr addrspace(1) elements. They currently have NO producer pass — EcoUnboxedAggSpecialize/EcoUnboxedAggCrossSpec were deleted after the escape-analysis measured-failure postmortem (design_docs/globalopt/borrow-inference-design.md SS2.1-2.2; only hand-written fixtures produce them today; next producer = U-T1.3 aggregate promotion per plans/opt-tier1-aggregate-promotion.md) — and are eliminated by SROA before RewriteStatepointsForGC so RS4GC never sees a struct-typed gc pointer for intra-function values (the type/lowering/SROA law is ALIVE and pinned by test/codegen/value_*.mlir incl. the mixed-element-across-statepoint probe value_sroa_statepoint_llvm.mlir, 2026-08-02; the boundary/flatten/sret clauses below are retained as the U-T1.3.3 ABI spec with no producing passes in tree). Phase 3.1 amendment: aggregate types ARE temporarily permitted on func.func parameter and result types on functions tagged eco.unboxed_worker = true, but ONLY between EcoUnboxedAggCrossSpec and EcoFlattenAggBoundary in the pipeline; after EcoFlattenAggBoundary runs no aggregate type appears at any func.func boundary anywhere in the module (each aggregate boundary slot is split into N scalar slots with eco.make.* / eco.project.* shims at entry and at call sites). This removes the FCA constraint on parameter aggregates (pre-3.1 they had to be all-primitive) — the flattened LLVM signature carries only scalars and pointers, so RS4GC never sees a struct-typed gc pointer at a call boundary. Phase 3.3 amendment: aggregate results containing at least one !eco.value element are also eligible — they use the sret ABI (CGEN_064 Phase 3.3 clause). The wrapper's slot alloca lives in LLVM addrspace 0 (host memory in the wrapper's stack frame) and holds a literal !llvm.struct<...> whose elements are the post-conversion LLVM types (with !eco.value mapped to ptr addrspace(1)). No struct value containing a ptr addrspace(1) crosses the worker call boundary — the worker takes the slot as a plain !llvm.ptr and stores fields scalar-by-scalar, so RS4GC's FCA-unimplemented assertion is structurally avoided. All-primitive aggregate results with up to kMaxDirectFields elements (currently 3) continue to use the Direct LLVM multi-return path (RS4GC tolerates struct returns whose elements are all scalars). Wider all-primitive aggregates route through Sret instead — see CGEN_064 for the SelectionDAG StatepointLowering bug that forces the cap. Phase 1 widen-construct-make-call-aggregates amendment: aggregate-typed SSA values may appear as operands of construct.* (tuple2/tuple3/list-head/record/custom), make.* (tuple2/tuple3/record/custom/cons/closure_env), and eco.call after EcoUnboxedAggCrossSpec promotes a callee's result type. The dedicated EcoBoxAggregateOperands pass (between EcoFlattenAggBoundary and EcoGCPrepare) walks these ops and inserts eco.to_heap in front of every aggregate operand at a boxed sink (construct.* / eco.call — unconditionally; make.* — only when the aggregate's type recursively contains a !eco.value, since otherwise the inner aggregate nests as a flat FCA element in the outer SSA struct without bringing a ptr addrspace(1) inside a nested FCA). EcoGCPrepare then sees the new eco.to_heap ops as ordinary GCRootCarrier allocators and computes their root sets and adjacent-alloc grouping normally. The fuller story — recursive cross-spec ABI promotion plus recursive strip-aggregates so even GC-pointer-inner make.* cases stay un-boxed — is deferred to Phase 2 of the same plan;REP_001|CGEN_061|CGEN_064|CGEN_066|CGEN_067|runtime/src/codegen/Passes/EcoPtrIntVerify.cpp|runtime/src/codegen/Passes/EcoUnboxedAggCrossSpec.cpp|runtime/src/codegen/Passes/EcoFlattenAggBoundary.cpp|runtime/src/codegen/Passes/EcoBoxAggregateOperands.cpp

KERN_006;MLIR_Codegen;KernelABI;enforced;The compiler is the sole arbiter of kernel ABI types: kernelBackendAbiPolicy together with monoTypeToAbi computes the definitive MLIR types for all kernel function parameters and return values, func.func declarations with is_kernel=true carry these types, and the LLVM lowering pass (EcoToLLVM) reflects them without repair or reverse-engineering. In particular: (1) kernelBackendAbiPolicy must respect REP_ABI_001 so that any kernel parameter or result whose MonoType is MInt, MFloat, or MChar uses the corresponding primitive ABI type (i64, f64, i16) and is never lowered as !eco.value; (2) for AllBoxed kernels with polymorphic return types the call result type must be eco.value regardless of the monomorphized type because the C++ function always returns uint64_t.;Context.kernelBackendAbiPolicy|Context.registerKernelCall|Functions.generateKernelDecl|EcoToLLVM

# =============================================================================
# RUNTIME HEAP PHASE - Memory layout and GC invariants
# =============================================================================

HEAP_001;Runtime_Heap;Header;documented;Every heap object begins with an 8 byte Header struct and the first TAG_BITS bits of the header encode the Tag which denotes the concrete heap object kind;Heap.hpp

HEAP_002;Runtime_Heap;Alignment;documented;All heap objects are 8 byte aligned and getObjectSize always rounds object sizes up to a multiple of 8 bytes;AllocatorCommon.hpp

HEAP_003;Runtime_Heap;TagUsage;documented;GC and helper routines interpret heap object layout solely via Header.tag using a switch on the Tag enum in getObjectSize and related tracing functions;AllocatorCommon.hpp

HEAP_004;Runtime_Heap;NewTypes;documented;When introducing a new heap object type you must update the Tag enum the C plus plus struct definition getObjectSize scanObject and markChildren so all GC logic stays consistent with the Tag;THEORY.md

HEAP_005;Runtime_Heap;Generational;documented;There are no old to young pointers in the heap. The young generation is the nursery plus the young large-object space (HEAP_062); both are traced by the minor GC. Guaranteed by Elm immutability and by the placement rule for large pointer-bearing objects (HEAP_062), so the GC does not require a write barrier. (Restored 2026-09-26, threaded-gc-04b; the HEAP_061 born-old exception of 2026-09-25 is retired.) threaded-gc-07 (HEAP_069/HEAP_070, 2026-09-27): with nursery_regions = 1 the young generation is the region nursery (eden and the three survivor extents) plus YLOS. A tenure job's copies may point at YLOS objects of the tenured generation until the merge promotes them in place, and no mutator can reach those copies before the merge.;THEORY.md|HEAP_062

HEAP_006;Runtime_Heap;Forwarding;documented;Forwarding pointers use Tag_Forward and repurpose the header to store a logical pointer to the new location and they exist only during GC and never while mutator code runs threaded-gc-06 (HEAP_067): a BUSY word (Tag_Forward with forward_ptr 0) marks an object being copied by a parallel minor worker, and like forwarding words it exists only inside a minor pause. threaded-gc-07 (HEAP_069/HEAP_070): in region mode forwarding for survivor extents lives in the extent's SHADOW (never in a header: FORBID_HEAP_004). Header forwards (and BUSY) exist only on eden and builder-area objects inside the minor pause, never in a survivor part. HEAP_030 remains an exception for stop-the-world forwarding only.;THEORY.md

HEAP_007;Runtime_Heap;ThreadOwnership;documented;ONE MUTATOR PER PROCESS (CR-012 option F, plans/threaded-gc-register-fixes.md 6.2, 2026-10-01): at most one live ThreadLocalHeap per process. initThread aborts on a second unless Allocator::allowMultipleMutators(true) (the benchmark driver main.cpp --threads and test harnesses only, unsupported: the committed bytes, decommit clocks and released-extent list are process-wide, so per-heap GC_DET_001 does not hold). Sequential mutators (cleanupThread, then a new initThread) stay legal. THE FORK CONTRACT (plans/threaded-gc-register-fixes.md 7.1, Phase 5, 2026-10-01; HEAP_075): fork() from any thread is safe for the parent. In the child every runtime lock is free (GCFork re-creates it), and only heaps owned by the forking thread (the thread_heaps_ key equals the forker's std::thread::id: fork() keeps the forker's pthread_t) are live; the others are dead: never collected, never torn down (~Allocator leaks them, CR-031), never read (getCombinedStats skips them). A child may exec/_exit, call exit(), continue its own heap, or call initThread for a fresh heap. Validate builds abort a heap's use by a non-owner (ThreadLocalHeap::owner_, set by initThread and the fork harness's AllocatorTestAccess::adoptThreadHeap; minorGC/majorGC abort with "HEAP_007: heap used by a non-owner", CR-031). Each heap region is owned by exactly one ThreadLocalHeap so there are no cross thread heap pointers, and every DECISION about a heap is made by its mutator. Collection WORK may run on GC helper threads (GCHelperPool, one per process) only as a job the owning mutator posted at a sync point, touching only state the job owns until the mutator collects it. As of threaded-gc-03 helper jobs touch no heap object and no HPointer: they discard (MADV_DONTNEED) and populate (MADV_POPULATE_WRITE) old-gen pages (HEAP_059/HEAP_060). Later phases that add job kinds amend this row. (Amended 2026-09-25, threaded-gc-03.) threaded-gc-05b (HEAP_064): GCMarkGang members may, inside the owner's GC pause and joined before it ends, read old-gen objects and metadata, set mark bits atomically, and write their own mark state (deque, accumulator, counters). threaded-gc-05c (HEAP_065): GCBackgroundGang members (per-heap, low priority) run OUTSIDE the owner's pauses while a mark cycle is active - they read S_H objects, the t0 MarkView and page-index/BlockInfo entries published with release, set mark bytes atomically and write only their own marker slot. Every decision stays with the mutator. threaded-gc-06 (HEAP_067): GCMarkGang members may, inside the owner's MINOR pause and joined before it ends, claim and copy from-space objects, write to-space LABs and fillers, write their own promotion-cursor blocks, and take the promotion mutex for the rest of the allocation ladder. Every decision stays with the mutator. threaded-gc-07 (HEAP_070): the per-heap TENURE COLLECTOR (a GCBackgroundGang of tenure_collector_threads members) runs outside pauses and writes only its tenuring extent's shadow, its promotion grant's cells and bitmap bytes, and its job state (worker slots, grant member cursors, logs). It reads only the immutable tenuring objects, heal-slot values and snapshot YLOS objects. The heal and every other write to a published object happen in the next pause. Every decision stays with the mutator.;THEORY.md|runtime/src/allocator/GCHelperPool.cpp|HEAP_058

HEAP_008;Runtime_Heap;HPointerBase;documented;A heap pointer HPointer's 64-bit word IS the raw absolute 8-byte-aligned heap address: the ptr field begins at bit 3 so the low 43 bits (constant ++ ptr_ind ++ ptr) equal the address, with no heap_base term and no shift. The heap is reserved below 2^43 (8 TB) so every address fits. Conversion helpers (hpToAddr / from-toPointerRaw) only reinterpret the word; forwarding pointers store addr>>3 (no base). See plan D1/D6/D8;THEORY.md

HEAP_009;Runtime_Heap;HPointerUsage;documented;HPointer is the canonical type for heap references and code must use fromPointer and toPointer or Allocator wrap and resolve rather than treating HPointer as a void star;STYLE.md

HEAP_010;Runtime_Heap;Constants;documented;Embedded constants are HPointer words with ptr_ind (bit 2) set and are never heap allocated. There are three: False (word 0x4 constant 0), True (word 0x5 constant 1), and Empty (word 0x6 constant 2). Empty is the single merged nullary constant shared by Unit EmptyRec Nil Nothing the empty String and the empty Bytes (HEAP_071); the type checker guarantees a merged empty is only produced/matched where its type is expected. Bool's low bit equals the SSA/ABI i1 value. NB False has constant field 0 so a constant is discriminated by ptr_ind not by constant!=0. See plan D3/D6;Heap.hpp

HEAP_011;Runtime_Heap;GCTriggers;documented;Any allocation via ThreadLocalHeap allocate or Allocator allocate may trigger a minor GC which can move all live nursery objects so callers must assume heap locations may change across allocation; there are two exceptions, both compiled-code-only: (1) the inline nursery fast path (HEAP_034) - its bump cannot GC, GC is confined to its statepointed slow edge; (2) an UNCHECKED bump under capacity-check hoisting (CGEN_074/HEAP_041) - it has no slow edge at all and cannot GC, GC is confined to the dominating ensure diamond's cold edge;THEORY.md

HEAP_012;Runtime_Heap;HeapBounds;documented;isInHeap uses an O(1) bounds check of the raw absolute address against [heap_base, heap_base+heap_reserved) so any pointer in the unified heap address range is treated as a potential heap object irrespective of generation;Allocator.hpp

HEAP_013;Runtime_Heap;TagCorrectness;implied;When allocating a heap object the Tag passed to Allocator allocate must correspond to the concrete struct written at that address because GC size and tracing logic derive layout solely from Header.tag;HeapHelpers.hpp and AllocatorCommon.hpp

HEAP_014;Runtime_Heap;EmbeddedConstants;documented;HPointer values with constant not equal to zero represent embedded constants and allocator and resolve operations must treat such pointers as non heap values that do not require tracing;HeapHelpers.hpp

HEAP_015;Runtime_Heap;TypeLayout;enforced;For every heap allocation the header tag and in-memory layout must match the concrete runtime type such as Tuple2 Cons Record or Custom and no value of type List Tuple or Record is ever represented using the Custom struct because the tag and structure must always match;Heap.hpp and AllocatorCommon.hpp

HEAP_016;Runtime_Heap;HPointerReturns;enforced;All eco_alloc_* runtime functions return uint64_t representing HPointer with constant field equal to 0 for heap objects and all functions receiving heap objects take uint64_t and use Allocator resolve internally to convert to raw pointers;RuntimeExports.cpp

HEAP_017;Runtime_Heap;NoNullPointers;enforced;Elm never produces null pointers so any allocation returning null indicates an out of memory condition. The all-zero HPointer word (0x0) is the null pointer (ptr_ind 0, address 0); address 0 is never mapped (the heap is reserved at a high base below 2^43), so no valid heap object has the null word. This replaces the former heap-base+0 sentinel, which is removed. See plan D5/D6;Allocator.cpp

HEAP_018;Runtime_Heap;NoCyclicValues;enforced;Elm values are always acyclic because Elm is a pure functional language with immutable data and no recursive let bindings so any traversal of a value graph is guaranteed to terminate and runtime operations like debug printing may safely follow nested references without cycle detection;Language semantics

HEAP_019;Runtime_Heap;UnboxedBitmap;enforced;Container heap objects such as Custom Cons ElmArray and Record store a 2-bit-per-slot unboxed bitmap (00=boxed HPointer, 01=Int, 10=Float, 11=Char) with slot i at bits [2i, 2i+1]; GC and debug logic must use this bitmap to distinguish pointers from unboxed values and to select the correct primitive type (Updated 2026-04-20: bitmap now encodes 2-bit primitive kinds per slot);Heap.hpp and RuntimeExports.cpp


# =============================================================================
# BYTES FUSION REIFICATION PHASE - Static analysis and fusion eligibility
# =============================================================================

BFUSE_001;BytesFusion_Reification;Completeness;enforced;Reification is all-or-nothing and a fused kernel is emitted only when the entire encoder or decoder structure can be statically resolved otherwise the interpreter path is used;Compiler.Generate.MLIR.BytesFusion.Reify

BFUSE_002;BytesFusion_Reification;StaticStructure;enforced;Dynamic encoders and decoders are rejected from fusion and any encoder or decoder whose structure depends on runtime values causes fallback to the interpreter;Compiler.Generate.MLIR.BytesFusion.Reify

BFUSE_003;BytesFusion_Reification;LetBindings;enforced;Let-bound encoders and decoders are reified only if fully resolvable at compile time and partially resolvable let bindings cause the entire fusion to be rejected;Compiler.Generate.MLIR.BytesFusion.Reify

BFUSE_004;BytesFusion_Reification;OrderPreservation;enforced;Reification preserves operation order exactly so the sequence of encode or decode steps in the fused kernel matches the order specified in the source program;Compiler.Generate.MLIR.BytesFusion.Reify

BFUSE_005;BytesFusion_Reification;NoRuntimeInspection;enforced;Reification inspects structure only and never runtime values so fusion decisions are based solely on the static shape of the encoder or decoder AST;Compiler.Generate.MLIR.BytesFusion.Reify


# =============================================================================
# BYTES FUSION OPS PHASE - bf dialect IR and lowering invariants
# =============================================================================

BFOPS_001;BytesFusion_Ops;CursorState;enforced;Cursor is the only mutable state in fused byte operations and all state flows through cursor threading with no hidden side channels;runtime/src/codegen/BF/BFOps.td

BFOPS_002;BytesFusion_Ops;CursorSSA;enforced;Cursor is SSA-threaded so every bf operation that modifies cursor state consumes the old cursor and produces a new cursor value;runtime/src/codegen/BF/BFOps.td

BFOPS_003;BytesFusion_Ops;CursorMonotonic;enforced;Cursor pointer movement is monotonic and the pointer only moves forward never backward during encoding or decoding;runtime/src/codegen/Passes/BFToLLVM.cpp

BFOPS_004;BytesFusion_Ops;CursorEndImmutable;enforced;Cursor end pointer never changes during execution and is set once at cursor initialization from buffer allocation;runtime/src/codegen/Passes/BFToLLVM.cpp

BFOPS_005;BytesFusion_Ops;CursorBounds;enforced;Cursor invariant ptr less than or equal to end always holds and any violation indicates a bounds check failure;runtime/src/codegen/Passes/BFToLLVM.cpp

BFOPS_006;BytesFusion_Ops;EncoderWidth;enforced;Width computation is exact and equals the sum of all emitted write widths so buffer allocation matches total write size;Compiler.Generate.MLIR.BytesFusion.Emit

BFOPS_007;BytesFusion_Ops;EncoderSingleAlloc;enforced;Exactly one buffer allocation occurs per encoder invocation and all writes go to that single buffer;Compiler.Generate.MLIR.BytesFusion.Emit

BFOPS_008;BytesFusion_Ops;EncoderNoPostReturn;enforced;No writes occur after the buffer is returned and ReturnBuffer is always the final operation in an encoder;Compiler.Generate.MLIR.BytesFusion.Emit

BFOPS_009;BytesFusion_Ops;EncoderWriteOrder;enforced;Write order is preserved exactly and bytes appear in the output buffer in the same order as the source program specifies;Compiler.Generate.MLIR.BytesFusion.Emit

BFOPS_010;BytesFusion_Ops;EncoderNoBoundsViolation;enforced;Writes never exceed allocated buffer size because width computation guarantees exact allocation;Compiler.Generate.MLIR.BytesFusion.Emit

BFOPS_011;BytesFusion_Ops;EncoderNoIntermediateBuffers;enforced;No intermediate buffers are created during encoding and all writes go directly to the final output buffer;Compiler.Generate.MLIR.BytesFusion.Emit

BFOPS_012;BytesFusion_Ops;DecoderBoundsFirst;enforced;No load occurs without a prior successful bounds check so all reads are proven safe before execution;runtime/src/codegen/Passes/BFToLLVM.cpp

BFOPS_013;BytesFusion_Ops;DecoderStructuralSafety;enforced;Bounds safety is structural and enforced by IR shape so the bf dialect structure guarantees checks precede loads;runtime/src/codegen/BF/BFOps.td

BFOPS_014;BytesFusion_Ops;DecoderFailureTerminal;enforced;Failure is terminal and decoding exits immediately upon any bounds check or semantic failure;runtime/src/codegen/Passes/BFToLLVM.cpp

BFOPS_015;BytesFusion_Ops;DecoderNoCursorAdvanceOnFail;enforced;Cursor does not advance on failure so failed decode attempts leave the cursor at the failure position;runtime/src/codegen/Passes/BFToLLVM.cpp

BFOPS_016;BytesFusion_Ops;DecoderNothingPropagation;enforced;Semantic failures propagate as Nothing through the Maybe result type and never as exceptions or traps;runtime/src/codegen/Passes/BFToLLVM.cpp

BFOPS_017;BytesFusion_Ops;DecoderNoTraps;enforced;Decoder never throws or traps and all error conditions result in Nothing return values;runtime/src/codegen/Passes/BFToLLVM.cpp

BFOPS_018;BytesFusion_Ops;DecoderSemanticEquivalence;enforced;Successful fused decode produces results identical to the interpreter so fusion is purely an optimization;Compiler.Generate.MLIR.BytesFusion.Emit

BFOPS_019;BytesFusion_Ops;IRNoPointers;enforced;Loop IR contains no raw pointers and all buffer access is mediated through cursor abstractions;runtime/src/codegen/BF/BFOps.td

BFOPS_020;BytesFusion_Ops;IRCursorBased;enforced;Loop IR is cursor-based and all read and write positions are expressed as cursor states not pointer arithmetic;runtime/src/codegen/BF/BFOps.td

BFOPS_021;BytesFusion_Ops;IRCursorOpaque;enforced;bf.cursor type is opaque above LLVM lowering and its internal structure is hidden from higher-level IR;runtime/src/codegen/BF/BFTypes.td

BFOPS_022;BytesFusion_Ops;IRNoSideEffects;enforced;bf operations have no side effects except cursor transformation and buffer mutation so they are pure with respect to external state;runtime/src/codegen/BF/BFOps.td

BFOPS_023;BytesFusion_Ops;IRExplicitControlFlow;enforced;Control flow is explicit in IR and all branches and loops are represented as first-class control flow constructs;runtime/src/codegen/BF/BFOps.td

BFOPS_024;BytesFusion_Ops;IRSSAOrder;enforced;Operation order is expressed by SSA dependencies so the IR structure encodes execution order constraints;runtime/src/codegen/BF/BFOps.td

BFOPS_025;BytesFusion_Ops;LoweringCursorStruct;enforced;bf.cursor lowers exactly to LLVM struct containing ptr and end pointer pair with no additional fields;runtime/src/codegen/Passes/BFToLLVM.cpp

BFOPS_026;BytesFusion_Ops;LoweringNoSpeculativeLoads;enforced;No speculative loads are generated and all loads are guarded by prior bounds checks in the CFG;runtime/src/codegen/Passes/BFToLLVM.cpp

BFOPS_027;BytesFusion_Ops;LoweringPointerArithmetic;enforced;Pointer arithmetic in lowered code matches cursor semantics exactly with no off-by-one errors or alignment issues;runtime/src/codegen/Passes/BFToLLVM.cpp

BFOPS_028;BytesFusion_Ops;LoweringEndPointerReuse;enforced;End pointer is computed once at cursor initialization and reused for all bounds checks without recomputation;runtime/src/codegen/Passes/BFToLLVM.cpp

BFOPS_029;BytesFusion_Ops;LoweringBoundsCheckDominance;enforced;Loads are dominated by bounds checks in the CFG so no execution path can reach a load without passing through its guard;runtime/src/codegen/Passes/BFToLLVM.cpp

BFOPS_030;BytesFusion_Ops;ABINoHeaderAccess;enforced;Generated code never accesses runtime heap headers directly and all layout knowledge is encapsulated in runtime helpers;runtime/src/codegen/Passes/BFToLLVM.cpp

BFOPS_031;BytesFusion_Ops;ABIEcoValueCrossing;enforced;All heap objects cross the ABI boundary as eco.value and generated code does not assume internal pointer representations;runtime/src/codegen/Passes/BFToLLVM.cpp and runtime/src/allocator/ElmBytesRuntime.h

BFOPS_032;BytesFusion_Ops;ABIRuntimeHelpers;enforced;Runtime helpers are the only layout-aware code and all ByteBuffer and String structure access goes through elm_bytebuffer_* and elm_utf8_* functions (the UTF-8 String forms Tag_StringUtf8View / Tag_StringUtf8Leaf are likewise accessed only via Elm::StringOps / elm_utf8_*; those helpers have O(1) fast paths for them — elm_utf8_width returns header.size, elm_utf8_copy memcpys the bytes);runtime/src/allocator/ElmBytesRuntime.cpp

BFOPS_033;BytesFusion_Ops;ABIHelperMinimality;documented;Runtime helpers are thin and non-duplicative with each helper performing exactly one layout-aware operation;runtime/src/allocator/ElmBytesRuntime.cpp

BFOPS_034;BytesFusion_Ops;ABIStability;documented;ABI stability is preserved across versions so compiled fused kernels remain compatible with runtime updates;runtime/src/allocator/ElmBytesRuntime.h

BFOPS_035;BytesFusion_Ops;PerfSingleLoop;documented;Fused kernel contains exactly one loop for looped decoders with no nested iteration or recursive calls;Compiler.Generate.MLIR.BytesFusion.Emit

BFOPS_036;BytesFusion_Ops;PerfNoIntermediateAllocs;enforced;No intermediate allocations occur during fused encode or decode and only the final result is heap allocated;Compiler.Generate.MLIR.BytesFusion.Emit

BFOPS_037;BytesFusion_Ops;PerfNoInterpreterCalls;enforced;No interpreter calls occur inside fused kernel and all operations are inlined as native LLVM IR;Compiler.Generate.MLIR.BytesFusion.Emit

BFOPS_038;BytesFusion_Ops;PerfDeterministicFusion;documented;Fusion success is deterministic and predictable based solely on static structure so identical source programs always produce identical fusion decisions;Compiler.Generate.MLIR.BytesFusion.Reify


# =============================================================================
# CROSS-PHASE INVARIANTS - Constraints spanning multiple phases (always last)
# =============================================================================

XPHASE_001;CrossPhase;Layouts;implied;RecordLayout TupleLayout and CtorLayout from the monomorphized IR must agree with eco.construct attributes tag size and 2-bit-per-slot unboxed_bitmap and with the Custom and Record C plus plus structs so that MLIR objects match runtime layouts; Elm-side encodeUnboxedKind and runtime fieldKind must use the same encoding (Updated 2026-04-20: bitmap now encodes 2-bit primitive kinds per slot);Compiler.AST.Monomorphized and Compiler.Generate.MLIRMono and Heap.hpp

XPHASE_002;CrossPhase;Types;documented;All !eco.value SSA operands produced by codegen must correspond to valid HPointer values (heap pointers or embedded constants) that satisfy runtime heap alignment and header invariants;THEORY.md and Heap.hpp and Compiler.Generate.MLIRMono

XPHASE_010;CrossPhase;CallInfo;structural;MLIR code generation treats CallInfo on each MonoCall as the single source of truth for call staging and call model; it does not re-derive stage segmentation or call model from MonoTypes independently of GlobalOpt.;Compiler.Generate.MLIR.Expr (code inspection only)

XPHASE_011;CrossPhase;Types;tested;Between Monomorphization and GlobalOpt MonoTypes are preserved up to MFunction staging canonicalization; GlobalOpt may flatten nested function types to match closure parameter counts but may not otherwise change types or layout metadata.;TestLogic.CrossPhase.TypeConsistency (checkTypePreservation)

# =============================================================================
# FORBIDDEN INVARIANTS - What not to do
# =============================================================================

FORBID_REP_001;CrossPhase;ForbiddenAssumptions;enforced;No phase may assume that an SSA operand of immediate MLIR operand type corresponds to an unboxed slot in any heap object or closure unless the 2-bit slot kind from the explicit layout bitmap is consulted (Updated 2026-04-20: bitmap now encodes 2-bit primitive kinds per slot);XPHASE_001|REP_HEAP_002

FORBID_REP_002;CrossPhase;ForbiddenAssumptions;enforced;No phase may assume that a value passed as a pass-by-value MLIR type at an ABI boundary is stored as an unboxed field in heap objects or closures;REP_ABI_001|REP_HEAP_001

FORBID_REP_003;CrossPhase;ForbiddenAssumptions;enforced;No phase may assume that SSA operand representation implies ABI calling convention or vice versa except where explicitly specified by REP_ABI invariants;REP_ABI_001|REP_SSA_001

FORBID_HEAP_001;Runtime_Heap;ForbiddenAssumptions;enforced;No code may distinguish heap pointers from constants using address range checks or null tests; only the HPointer ptr_ind bit (and header tags for heap objects) may be used;HEAP_010|HEAP_014

FORBID_HEAP_002;Runtime_Heap;ForbiddenAssumptions;enforced;No code may perform arithmetic on HPointer values except via allocator helpers or runtime APIs. The blessed --inline-deref lowering patterns (header tag test + addrspace(1) GEP/load per HEAP_030/031) the inline nursery-allocation expansion (bump-pointer GEP/compare/store per HEAP_034), and capacity-check hoisting's two forms (the UNCHECKED bump - as1 GEP + store with no compare - and the ensure diamond's as1 GEP + unsigned compare outside any HEAP_034 diamond, per CGEN_074/HEAP_041), and kernel-opt-04's eco.string.length expansion (ptrtoint + lshr PTR_IND_BIT + and 1 + icmp ne 0 embedded-constant test, then on the heap arm a __eco_resolve_fwd call + as1 GEP to offsetof(Header,size) + aligned u32 load + zext - the SAME bit-test chain shape expandGetTagMarkers uses, same-BB per REP_LLVM_001(d), reading the word HEAP_025/HEAP_032 define as the logical UTF-16 length for all six String forms) are the codegen equivalent of those runtime APIs and are exempt; ad-hoc HPointer bit arithmetic elsewhere remains forbidden;HEAP_008|HEAP_009|HEAP_030|HEAP_031|HEAP_034|CGEN_074|HEAP_041|HEAP_025|HEAP_032

FORBID_CLOSURE_001;CrossPhase;ForbiddenAssumptions;enforced;No phase may assume that Bool values are captured, stored, or passed as immediate operands outside SSA control-flow contexts; Bool must be represented as !eco.value in heap and closures;REP_SSA_001|REP_CLOSURE_001

FORBID_CLOSURE_002;CrossPhase;ForbiddenAssumptions;enforced;No phase may infer closure capture layout from MonoType or source type alone; layout must be derived from SSA operand MLIR types and recorded bitmaps;REP_CLOSURE_001|CGEN_003

FORBID_LAYOUT_001;Runtime_Heap;ForbiddenAssumptions;enforced;No code may assume a heap object’s field layout based solely on its Tag without consulting the corresponding layout metadata;MONO_006|MONO_013|HEAP_019

FORBID_LAYOUT_002;Monomorphization;ForbiddenAssumptions;enforced;No phase may assume that two structurally equal source types share layout unless their RecordLayout or TupleLayout identifiers are equal or explicitly canonicalized;MONO_014

FORBID_OPT_001;TypedOptimization;ForbiddenAssumptions;enforced;No optimization may remove boxing or unboxing operations unless representation equivalence is proven under the active representation model;REP_001|CGEN_001

FORBID_OPT_002;CrossPhase;ForbiddenAssumptions;enforced;No generated code may access heap object internals directly except inside designated runtime helpers;BFOPS_030|HEAP_004
FORBID_OPT_003;CrossPhase;ForbiddenAssumptions;enforced;A CAF memoization slot is keyed to exactly one emitted thunk symbol (one SpecId - the funcName embeds it). Slots must never be shared or merged across specializations AbiCloning clones or LSS-keyed variants of the same source definition - layouts and representations differ per spec. Deduplicating equal VALUES across specs is likewise forbidden without a layout-equality proof;Compiler.Generate.MLIR.Functions|CGEN_068

FORBID_CF_001;MLIR_Codegen;ForbiddenAssumptions;enforced;No control-flow construct may assume implicit fallthrough; all region exits must be explicit terminators, and all eco.case alternatives must explicitly terminate with eco.yield;CGEN_028|CGEN_042

FORBID_DBG_001;Runtime_Heap;ForbiddenAssumptions;enforced;Debug and inspection code must not assume access to raw heap layouts and must use the same tracing logic as GC;HEAP_003|HEAP_019

FORBID_META_001;CrossPhase;ForbiddenAssumptions;enforced;No phase may rely on representation properties that are not explicitly stated in a REP_* invariant;REP_001

HEAP_020;Runtime_Heap;RootContainerSplit;enforced;Stackmap-derived stack roots and runtime/kernel roots are stored in disjoint containers: StackMapRoots (owned by ThreadLocalHeap, GC-internal) holds single-slot roots discovered from LLVM stackmaps and is cleared at the start of each GC cycle, while RootSet (owned by NurserySpace) holds long-lived roots, JIT roots, shadow-stack ranges, and external scanners. Cross-container mutation is prohibited;ThreadLocalHeap.hpp|StackMapRoots.hpp|RootSet.hpp

FORBID_HEAP_003;Runtime_Heap;ForbiddenAssumptions;enforced;Runtime and kernel code must not register GC roots via the stackmap root container; all non-stackmap stack rooting must use RootSet::stack_root_ranges via StackRootGuard, StackRootRangeGuard, or the eco_gc_stack_range_* C ABI;HEAP_020

HEAP_021;Runtime_Heap;FreeCellTag;enforced;Free cells in the old generation use Tag_Free with header.size storing the cell's full byte count (8-byte aligned) in MIXED blocks, and in all blocks when HeapConfig::old_gen_bitmap_alloc is off. With old_gen_bitmap_alloc on, a free cell of a UNIFORM block is a clear cell-start bit in its mark bitmap: its header is stale (a dead object) or absent (a never-allocated cell of a virgin block), and nothing may interpret uniform-block headers except at set cell-start bits (HEAP_054). Free cells are never marked, scanned for children, or fixed by reference fixup;Heap.hpp|OldGenSpace.cpp|AllocatorCommon.hpp
HEAP_022;Runtime_Heap;OldGenInitialSize;enforced;HeapConfig::initial_old_gen_size must be a multiple of alloc_buffer_size. The initial region is committed once via Allocator::acquireOldGenRegion and sliced into pages stored in OldGenSpace::unassigned_blocks_ at OldGenSpace::initialize time (Added 2026-04-24);AllocatorCommon.hpp|OldGenSpace.cpp
HEAP_023;Runtime_Heap;BBoPAllocation;enforced;Mutator allocations in the old generation route through the segregated-fits + BBoP path: small/medium fixed-cell classes for size < classToSize cap, page-as-single-cell + split for [largest medium class, alloc_buffer_size), and dedicated pinned blocks via allocateLargeBlock for size >= alloc_buffer_size. Bump-pointer allocation survives only inside compaction's evacuation destinations (Added 2026-04-24);OldGenSpace.cpp|OldGenSpace.hpp
HEAP_024;Runtime_Heap;BlockParseRange;enforced;Sweep and reference-fixup walks parse a MIXED block over [BlockInfo.start, BlockInfo.end_of_objects) by header. With old_gen_bitmap_alloc on, UNIFORM blocks are NOT header-parsable: every walker (compaction evacuate/fixup, the validate-only old-gen->nursery walk) iterates their set cell-start bits instead, stepping by the cell size. With the flag on the validate-only old-gen->nursery walk also visits only set start bits in MIXED blocks, stepping 8 bytes otherwise: the bitmap cursor fills a gap and leaves its tail headerless (HEAP_056, amended 2026-09-28 by threaded-gc-07: a heap-TSan SEGV pre-existing since threaded-gc-02). Pages in OldGenSpace::unassigned_blocks_ are unparseable and must not be walked. end_of_objects is set to BlockInfo.end for fully-populated pages, to start + num_cells*cell for uniform blocks, and to the bump frontier for evacuation-destination blocks (Reworded 2026-09-25, threaded-gc-02: plans/threaded-gc-02-bitmap-allocation.md). Every byte of [start, end_of_objects) of a MIXED block is covered by an object or a Tag_Free header - the bag-page carve (allocateFromBagPage step 3) included: any nonzero remainder goes through pushSpanOnFreeLists, which gives a tail under MIN_FREE_CELL_SIZE an unlinked Tag_Free header (CR-033, plans/threaded-gc-register-fixes.md 3.1, 2026-09-30, M8 BlockParseable, mutant bag_tail_headerless).;OldGenSpace.hpp|OldGenSpace.cpp

SNAP_TVAR_001;Monomorphization;SolverSnapshot;enforced;If a TOpt.Meta has a polymorphic tipe (contains any Can.TVar) then meta.tvar must be Just and that variable must appear in the solver snapshot. Monomorphic synthetic nodes may have tvar=Nothing. Violations crash in MonoDirect with a clear internal error;REP_001
SNAP_TVAR_002;Monomorphization;SolverSnapshot;enforced;All monomorphization decisions in MonoDirect are derived from the SolverSnapshot. specializeDefineNode must not have a fallback path that creates substitutions independent of the solver. Internal use of TypeSubst in SolverSnapshot.buildLocalView is acceptable as a deterministic projection of solver state;SNAP_TVAR_001
HEAP_025;Runtime_Heap;StringRepresentation;documented;String values are heap-represented in four forms: Tag_String (flat UTF-16 leaf), Tag_StringRope (concat-tree node: HPointer left + HPointer right + u32 height + u32 leafCount), Tag_StringSlice (structural view: HPointer base + u32 offset + u32 length), and Tag_LargeStringHeader (split-header form, see HEAP_026). For all four, header.size = logical UTF-16 length. Compiler/MLIR allocation paths produce only Tag_String leaves directly; rope/slice nodes arise only in runtime String operations (StringOps and kernel String module). Tag_LargeStringHeader is produced transparently by alloc::allocString when total payload >= large_header_split_threshold. All structure access outside StringOps and elm_utf8_* must go through Elm::StringOps APIs (length, charAt, toStdString, toStdU16String, ensureFlat) or through HeapHelpers::stringLength/isString. stringData() resolves through Tag_LargeStringHeader to its body and asserts the resolved object is a Tag_String leaf. append/concat/join build ropes when total > FLATTEN_LIMIT; equal/compare flatten under FLATTEN_LIMIT and fall back to char-by-char above (Updated 2026-05-01: added Tag_LargeStringHeader; Updated 2026-07-08: added the two UTF-8 all-ASCII forms Tag_StringUtf8View + Tag_StringUtf8Leaf — see HEAP_032. header.size is still the logical UTF-16 unit count for these, which under the all-ASCII invariant equals the byte count. equal/compare gained both-UTF-8 memcmp fast paths and a width-aware lockstep for mixed UTF-8/UTF-16 forms);Heap.hpp|StringOps.cpp|HeapHelpers.hpp
HEAP_026;Runtime_Heap;LargeStringSplit;enforced;Strings/byte buffers whose total payload size meets or exceeds HeapConfig::large_header_split_threshold are represented by a small Tag_LargeStringHeader / Tag_LargeByteHeader (16 bytes: Header + HPointer body) in the nursery whose `body` HPointer references a Tag_String / Tag_ByteBuffer object pinned in old gen (header.pin = 1). Bodies are pointer-free and never copied. Bodies of nursery-owned headers are reclaimed at the end of any minor GC whose header-evacuation phase did not encounter the header — driven by a per-body 1-bit "seen this minor GC" color tracked in OldGenSpace::large_bodies_. On promotion of the header to old gen, OldGenSpace::promoteLargeHeader removes the body from nursery_owned_bodies_, transferring it to standard major-GC management. Major GC traces Tag_LargeStringHeader / Tag_LargeByteHeader by marking the body via markChildren. The body HPointer is a young->old reference (HEAP_005-compliant: that direction is always allowed). Bodies are reclaimed in all GC phases except compaction (sweepNurseryLargeBodies defers only when compact_phase_ != Idle); during major-GC mark/sweep, freeLargeBodyCell installs the on-free-list sentinel on the resulting Tag_Free cell (HEAP_027) so the in-progress lazy sweep cannot coalesce or rewrite it. freeLargeBodyCell is the authoritative ownership transition for split-header bodies; large_body_index_.erase calls in major sweep are idempotent guards only (Added 2026-05-01; Updated 2026-05-04: immediate-free in mark/sweep). The body index also holds kind-1 entries: young large objects (HEAP_062), which share the color, the minor-end sweep, the mark-end retirement and freeLargeBodyCell; index retirement in the major GC keys on the index, not the tag (threaded-gc-04b, 2026-09-26) While an incremental mark cycle is active (HEAP_063), a body (or YLOS object) whose header dies is unlinked from the index at minor end but its cell is freed only at the handoff (OldGenSpace::deferred_frees_ / processDeferredFrees, right after finalizeMetaAfterMark) (threaded-gc-05a, 2026-09-26). threaded-gc-07 (HEAP_069): in region mode a body's owner is the survivor extent holding its header (Extent::lb_bodies). The bodies of the hand-over extent are re-marked with the minor color at hand-over, transfers (promoteLargeHeader) happen at the tenure merge before that minor's sweep, and bodies of dead headers are freed at the minor that retires their extent. An index key names at most one live meta (CR-035, 2026-09-30): every path that reuses a block's memory for a new object at an address - release, reclaim, the empty-block flip - first retires the index entries inside the block.;Heap.hpp|OldGenSpace.cpp|NurserySpace.cpp|ThreadLocalHeap.cpp|HeapHelpers.hpp
HEAP_027;Runtime_Heap;FreeCellSentinel;enforced;WITH old_gen_bitmap_alloc OFF: old-gen Tag_Free cells repurpose Header.age as an on-free-list sentinel - age & 0b01 == 1 means the cell is already linked into a size-class free list (placed there by freeLargeBodyCell during a mid-major-GC large-body reclaim, or a splitter remainder in an unswept block);Heap.hpp|OldGenSpace.hpp|OldGenSpace.cpp
HEAP_032;Runtime_Heap;Utf8StringRepresentation;enforced;A String may be represented as one of two UTF-8 forms in addition to the four UTF-16 forms: Tag_StringUtf8Leaf (inline u8 bytes[], header.size = byte count) and Tag_StringUtf8View (24-byte zero-copy view: HPointer base + u32 offset + u32 byteLen over a Tag_ByteBuffer / Tag_LargeByteHeader / Tag_StringUtf8Leaf). INVARIANT: every byte in a UTF-8 form is < 0x80 (strictly all-ASCII), so header.size (logical UTF-16 unit count) == byteLen == the payload byte count, unit index == byte offset, no code point spans units, and no lone-surrogate state is representable; asserted under ECO_HEAP_VALIDATE. Creation is gated: a UTF-8 form is produced ONLY for strictly-valid all-ASCII input, at exactly these sites — Bytes.Decode.string (Elm_Kernel_Bytes_read_string in BytesExports.cpp, via Elm::Utf8::scan; >= HeapConfig::utf8_view_min_len bytes -> view, shorter -> leaf), alloc::allocStringFromUTF8 (the kernel string-ingestion chokepoint behind Eco.File.readString / Console / Env / Http / ports, via StringOps::tryMakeAsciiString + Utf8::allAscii; small ASCII -> leaf, >= large_object_threshold ASCII -> ByteBuffer + whole-buffer view), StringOps::makeUtf8View / makeUtf8LeafFromBytes / allocAsciiOut (slice/uncons/transforms of an existing UTF-8 form; fromInt/fromFloat; fromChar/cons/fromList for ASCII content — the UTF-16-seed elimination, plans/utf16-seed-elimination.md), and eco_alloc_string_literal_utf8 (ASCII string literals + string-case patterns, emitted by the compiler as [N x i8] globals). Non-ASCII or invalid input always takes the legacy UTF-16 path unchanged. HeapConfig::utf8_strings_enabled=false disables all creation (rollback to UTF-16). A Tag_StringUtf8View base is never itself a slice/view (collapsed at construction) and points at a Tag_LargeByteHeader's *header*, never its pinned body (same lifetime rule as slice-of-large). GC treats Tag_StringUtf8View exactly like Tag_StringSlice (trace the single boxed `base`; getObjectSize = sizeof struct) and Tag_StringUtf8Leaf like Tag_String (pointer-free, footprint from header.size). ensureFlat widens a UTF-8 form to a UTF-16 leaf unconditionally (parser and other chars[] consumers). The tags sit before Tag_Free/Tag_Forward so every live object stays < Tag_Forward (Added 2026-07-08 as HEAP_028; renumbered to HEAP_032 on 2026-07-08 to resolve a duplicate id — HEAP_028 is PointerIsAddress; Updated 2026-07-08 W2: added alloc::allocStringFromUTF8 as a creation site and the live read_string export now carries the gate);Heap.hpp|StringOps.cpp|StringOps.hpp|HeapHelpers.hpp|AllocatorCommon.hpp|BytesExports.cpp|RuntimeExports.cpp
HEAP_033;Runtime_Heap;ClosureInterning;enforced;Zero-capture closures may be interned: eco_intern_closure0 returns one permanent (allocatePermanent, never collected or moved) Tag_Closure singleton per evaluator wrapper pointer, provided num_captured == 0 and the papCreate carries no self_capture_indices (only such closures are immutable after construction: capture-slot writes happen exclusively for num_captured > 0 creates, self-capture backpatching is excluded by the guard, and eco_pap_extend copies into a fresh closure instead of mutating). The packed header word (n_values|max_values<<6|result_kind<<12|unboxed<<14 at byte offset 8) is supplied by the papCreate lowering as a compile-time constant and is a pure function of the wrapper pointer, so every call site of a given wrapper agrees with the cached object. The intern table reuses the string-literal interning discipline (thread-local table, heap-generation epoch sync for harness heap resets, RootSet-rooted slots) — HOF-elimination plan H4.2 (Added 2026-07-14);RuntimeExports.cpp|EcoToLLVMClosures.cpp|RuntimeExports.h
HEAP_028;Runtime_Heap;PointerIsAddress;enforced;A heap-pointer HPointer word is bit-identical to the raw physical address it denotes: bits [0,2] (constant, ptr_ind) are zero because heap objects are 8-byte aligned, the ptr field occupies bits [3,42], and null_cons_idx/padding [43,63] are zero because every heap address fits below 2^43. Therefore fromPointerRaw/hpToAddr reinterpret the word without arithmetic (no heap_base, no shift) and toPointerRaw stores the address verbatim. See plan D1/D6;Heap.hpp|Allocator.hpp
HEAP_029;Runtime_Heap;ConstantTag;enforced;CONSTANT_TAG (0xFFFD) is the reserved constructor tag that eco_get_tag and the eco.case lowering return for the merged empty constant (Nil/Nothing/etc.), which can no longer be distinguished by value; the compiler tags embedded-constant constructor branches with the same value (Compiler.Data.CtorTag.constantTag). It sits just below the Dict reservations 0xFFFF/0xFFFE and no runtime-recognised type may reuse it. See plan D9;Heap.hpp|RuntimeExports.cpp|CtorTag.elm
HEAP_030;Runtime_Heap;InlineDerefForwardCheck;enforced;Generated-code heap dereferences (boxed/primitive projections, scalar unbox, array get/length; EXTENDED by P2.5 plans/allocator-resolve-inlining.md to case tag/scrutinee loads, the open-coded eco.get_tag via the __eco_get_tag_inline marker expanded in expandGetTagMarkers, aggregate from_heap reads, closure-capture projection, wrapper legacy scalar unbox, and the emitFastClosureCall closure base — compiled code emits ZERO out-of-line eco_resolve_hptr/eco_get_tag calls; ECO_INLINE_DEREF_EXT=0 is the soak-period escape) under --inline-deref must handle Tag_Forward: the inline fast path loads the object header (offset 0), masks the low TAG_BITS, and if the tag is Tag_Forward defers to eco_follow_forward; otherwise it uses the HPointer word directly as the object address (HEAP_028). Mutator-visible forwards occur only while old-gen incremental compaction is in Evacuating/FixingRefs (OldGenSpace CompactionPhase). The ExpandInlineDeref pass (EcoBackend.cpp) emits this diamond before RewriteStatepointsForGC, keeping the resolved base and derived field pointers in addrspace(1) so RS4GC relocates them; eco_follow_forward is gc-leaf. value_enc::TagForward/TagBits static_assert against Elm::Tag_Forward/TAG_BITS. See plan P2/D1;EcoToLLVMHeap.cpp|EcoBackend.cpp|RuntimeExports.cpp
HEAP_031;Runtime_Heap;FreshStoreNoForward;enforced;Generated-code heap stores (construct.* field stores, array.set; EXTENDED by P2.5 to make.closure and papCreate capture/packed-header stores) write only to objects allocated since the previous statepoint — fresh objects that cannot yet have been forwarded — so they need no forwarding check: under --inline-deref the store GEPs directly off the allocation's addrspace(1) result (whose word is its address per HEAP_028). Elm heap values are immutable after their construction escapes, so no later mutation reintroduces a stale target. Boxed inline stores carry the eco.boxed_slot attribute so EcoBoxedStoreVerify inserts the stale-pointer tripwire under ECO_LOWERING_VALIDATION. See plan P2/D3;EcoToLLVMHeap.cpp
HEAP_034;Runtime_Heap;InlineNurseryAllocation;enforced;Compiled code may allocate via the inline nursery bump (__eco_alloc_inline marker, expanded by expandInlineAllocs in EcoBackend.cpp before the $cap prepass / partition splitting / every RS4GC flavour) only when: (a) the byte size is a compile-time constant, 8-aligned, in (0,4096] (the expansion hard-errors otherwise; oversized record/custom/closure sites keep the eco_alloc_* call path); (b) the emission stores the FULL 64-bit header word (value_enc::composeHeader = tag | unboxed<<10 | sizeField<<32, runtime-pinned by testHeaderWordComposition since bitfield packing is not static_assert-able) plus any metadata word and EVERY payload field via straight-line code with no possible safepoint between the bump and the last store (gc-leaf barrier calls permitted) - the *_uninit zero-init is deliberately not replicated; (c) the slow edge is a single statepointed call to eco_alloc_inline_slow(size) which performs a minor GC via ThreadLocalHeap::allocateSlowRaw (no pre-GC retry: under HEAP_042's contiguous from-space the C++ compare tests the same clamped end the inline compare just failed) and returns UNINITIALIZED nursery storage, never initializes headers, never routes to old gen (asserts size < large_object_threshold), and aborts on OOM (HEAP_017) - EXCEPT for markers covered by CGEN_074, which expand to unchecked bumps (no end-load, no compare, no slow edge, no phi) under a dominating HEAP_041 guarantee; (d) the expansion introduces no ptrtoint/inttoptr (bump slots are loaded/stored AS ptr addrspace(1) - the HPointer word IS the address) and no bump-state-derived as1 value is live across the slow call (end/miss die at the branch, new dies at the fast-edge store, top only reaches the merge phi via the fast edge). The bump state is NurserySpace::NurseryBump{ptr,end} at offsets 0/8 (static_assert-pinned ABI), the allocator's WORKING fields (updated at init/reset/post-minor-GC/nursery-growth by construction), exported via eco_bump_state() (declared memory(none)+gc-leaf+speculatable so LLVM may CSE/hoist the thread-stable address); end is pre-clamped to min(from-space extent end, proactive-GC threshold trip) by computeAllocEnd so the single unsigned compare preserves all GC-trigger semantics (HEAP_042). Census/stats caveat: closureStatsRecord (ECO_CLOSURE_STATS) and GC_STATS_MINOR_RECORD_ALLOC are bypassed at inline sites - census and ENABLE_GC_STATS-accurate workflows must set ECO_INLINE_ALLOC=0 (temporary rollout env, deleted at plan milestone N6). Plan plans/inline-nursery-allocation.md; pinned by test/codegen/inline_alloc_tuple.mlir In plan-given capacity hoisting (CGEN_074) the covered set and callee budgets that select the unchecked form come from the eco-cap-* facts stamped by EcoCapHoistPlan, verified locally before use.;NurserySpace.hpp|ThreadLocalHeap.cpp|RuntimeExports.cpp|EcoBackend.cpp|EcoToLLVMInternal.h|HEAP_031|HEAP_017|REP_LLVM_001|REP_LLVM_002
HEAP_035;Runtime_Heap;CafSlotRooting;enforced;CAF slots (__eco_caf$* internal i64 LLVM globals from eco.global) are JIT roots registered by eco_caf_promote when the thunk first publishes its value (createGlobalRootInitFunction deliberately skips __eco_caf$* and __eco_strlit$*, so __eco_init_globals registers only the type graph, plans/mlir-split-backend-03-reachability.md §0.3) and are evacuated IN PLACE at minor GC (NurserySpace evacuateJitPtr) and marked at major GC with null and embedded-constant words skipped - the embedded-constant class INCLUDES null-cons words (HEAP_044), which the same ptr_ind != 0 / isConstantBits predicate already covers, so no slot-marking change was needed for them. Only slots holding tagged !eco.value words may be registered as JIT roots: a slot holding a raw scalar (i64 Int / f64 / i16 Char) must NEVER enter the root set (the scan would misread the raw bits as a heap address) - any future scalar-CAF extension must use unrooted slots plus a separate initialized-flag global and must not widen createGlobalRootInitFunction's internal-i64 walk to them. Memoized values become process-immortal once published (the slot is never cleared);EcoToLLVMGlobals.cpp|NurserySpace.cpp|OldGenSpace.cpp|RootSet.cpp|CGEN_068
HEAP_BUILDER_001;Runtime_Heap;BuilderInNursery;enforced;Heap objects with Header.builder == 1 must be young: in the nursery or a young large object (HEAP_062; amended 2026-09-26, threaded-gc-04b, replacing the 2026-09-25 HEAP_061 clause). Promotion to old gen is forbidden while the bit is set: the canonical promotion predicate is !pin && !builder && age >= promotion_age. Any old-gen object observed with builder == 1 is a kernel bug; OldGenSpace::markOneObject asserts !hdr->builder || isYoungLarge under ECO_HEAP_VALIDATE, and clear_builder asserts the object is young (Added 2026-05-10) threaded-gc-07 (HEAP_069): in region mode builders live in builder areas (the top of the fill extent, filled bump-down) and are copied at every minor (age 0). A survivor object never points into a builder area (HEAP_BUILDER_003), and the tenure job never reads one.;Heap.hpp|NurserySpace.cpp|OldGenSpace.cpp
HEAP_BUILDER_002;Runtime_Heap;BuilderAgeZero;enforced;While Header.builder == 1, Header.age must remain 0. mark_as_builder writes both bit=1 and age=0 atomically; minor-GC evacuation skips the new_hdr->age++ increment when builder == 1 in NurserySpace::evacuate, evacuateJitPtr, and evacuateListSpine. The invariant builder ⇒ age == 0 holds at every GC-visible point and is asserted under ECO_HEAP_VALIDATE on the to-space copy (Added 2026-05-10);Heap.hpp|NurserySpace.cpp|HeapHelpers.hpp
HEAP_BUILDER_003;Runtime_Heap;BuilderClearedBeforePublish;enforced;Runtime kernels that allocate via allocArrayBuilder (or otherwise set Header.builder = 1) must clear the bit via clear_builder / BuilderGuard destructor before the object becomes reachable to user Elm code. The standard idiom is allocArrayBuilder + scoped BuilderGuard so RAII guarantees clearing on every kernel exit (return, exception, early break) (Added 2026-05-10);HeapHelpers.hpp|JsArrayExports.cpp

# =============================================================================
# IO ERROR HANDLING - Structured kernel IO/HTTP/Process errors and their flow
# =============================================================================

IO_ERR_001;CrossPhase;IOErrorHandling;enforced;Every call site that performs IO either (a) handles the IO error locally, or (b) maps it into an Exit.* constructor consumed by Builder.Reporting.attempt/attemptWithStyle. Fallible IO leaves expose typed errors: Eco.File (reads/writes/handles/dir-ops) and Eco.Console return Task IOError a; Eco.Process.spawn/spawnProcess return Task ProcessError; Eco.Http returns Task Never (Result HttpError _) for fetch. Intentionally-infallible leaves stay Task Never (Eco.File queries fileExists/dirExists/findExecutable/getCwd/appDataDir, Eco.Env, Eco.Runtime, Eco.Process.exit/wait, and Eco.MVar — whose kernel missing-MVar path is recoverable per IO_ERR_002 but presented as infallible since it is an internal concurrency invariant). Prevents raw kernel IO errors from leaking and guarantees all IO failures participate in the structured reporting system (Added 2026-05-29);Eco/IO/Error.elm|Builder/Reporting.elm
IO_ERR_002;CrossPhase;IOErrorHandling;enforced;Kernel IO failures cross the C++/JS/XHR boundary as fixed-layout neutral tuples (IO: tuple3 (classificationTag:Int, path:String, message:String); HTTP: the existing Result-in-success carrying a tuple), never as monomorphized user records, because record field-index order is computed by computeRecordLayout and cannot be predicted by the kernels. The Eco.* Elm wrapper assembles the Raw* record alias from the tuple and decodes it into the typed ADT. The classification tag is computed at each kernel (C++ maps errno; JS/XHR map err.code) so one decode mapping in Elm covers all backends (Added 2026-05-29);eco/KernelHelpers.hpp|Eco/IO/Error.elm
FORBID_IO_001;CrossPhase;ForbiddenAssumptions;enforced;Kernel C++/JS/XHR code must not construct Elm record values for IO/HTTP/Process error payloads (use neutral tuples per IO_ERR_002). Unexpected C++ exceptions must not cross an extern \"C\" kernel boundary uncaught: the syscall-facing IO kernel exports (FileExports/ConsoleExports/ProcessExports) wrap their bodies in ECO_KERNEL_GUARD which routes bad_alloc/std::exception/... to Eco::Kernel::reportFatal+abort. Recoverable IO faults (including missing-MVar) are returned as Task.fail neutral tuples, not asserts or aborts (Added 2026-05-29);IO_ERR_002|eco/KernelExports.h

# =============================================================================
# KERNEL TASK IO DEFERRAL - C++ Task-returning kernels must use Task_Binding
# =============================================================================

KERNEL_TASK_IO_001;CrossPhase;KernelTaskIO;enforced;Every C++ symbol returning an Elm Task in eco-kernel-cpp/ and elm-kernel-cpp/ must perform its IO inside a Task_Binding callback (Elm::Platform::makeBinding or makeAsyncBinding) so the syscall fires when the scheduler steps the binding NOT at kernel-call time. The scheduler then interleaves multiple bindings rather than serialising them at construction. Named exemptions: (a) pure Task constructors (Elm_Kernel_Scheduler_succeed/fail/andThen/onError/taskReceive — NOT spawn/kill which are bindings since 2026-07-23); (b) terminator non-returners (Eco_Kernel_Process_exit Eco_Kernel_Crash_crash); (c) identity/logging non-Task helpers (Eco_Kernel_Console_log). The former exemption (d) (MVar partial-eager fast paths) is DELETED per plans/task-purity-and-caf-guard-removal.md: MVar new/read/take/put/drop are always-binding — every slot inspection including the not-found check happens at fulfilment so one Task value fulfilled N times performs the operation N times (pinned by MVarSharedNewTaskTest). COROLLARY (Task immutability): no code may write into a Task heap node after construction — the scheduler's kill-handle install builds a per-execution Task_Binding COPY (Scheduler.cpp) because tasks may be aliased or cached in memoized CAF slots. Added 2026-05-31 via plans/defer-eager-kernel-tasks-via-binding.md; purity completion 2026-07-23;runtime/src/platform/TaskBinding.hpp|eco-kernel-cpp/src/eco/TaskBinding.hpp
KERNEL_TASK_IO_002;CrossPhase;KernelTaskIO;enforced;Task_Binding evaluator bodies (Elm::Platform::detail::bindingTrampoline / asyncBindingTrampoline) must root the captured payload HPointer and the resume closure HPointer via StackRootGuard BEFORE invoking the user body or any allocation. The Body's returned Task HPointer must itself be rooted across Scheduler::callClosure1 because the resume closure may evaluate Elm code that GCs. The generic trampolines in TaskBinding.hpp encode this discipline; hand-rolled evaluators (sleep-pre-Phase-0 MVar Time-now Http-toTask) follow the same pattern (Added 2026-05-31);runtime/src/platform/TaskBinding.hpp|eco-kernel-cpp/src/eco/MVar.cpp

# =============================================================================
# NATIVE PORTS - Port registration, value shapes, and host-boundary rules
# =============================================================================

PORT_001;CrossPhase;Ports;enforced;Port names are globally unique per program (the bare port name is the effect-manager registry key, matching JS _Platform_checkPortName). PortRuntime::registerIncoming/registerOutgoing crash on duplicate registration. The compiler records one PortRegistration per name in MonoGraph.ports regardless of how many monomorphic instantiations of the port exist (Added 2026-06-10 via plans/native-ports-and-embedding.md);runtime/src/platform/PortRuntime.cpp|Compiler.Monomorphize.Specialize (recordPortRegistration)
PORT_002;CrossPhase;Ports;enforced;Port leaf value shapes: an outgoing `port foo : payload -> Cmd msg` lowers to `\p -> Elm_Kernel_Platform_leaf "foo" (encoder p)` so the Fx_Leaf value is always an already-encoded Json value (encode is eager at the call site; the port effect manager only stringifies and delivers); an incoming `port bar : (payload -> msg) -> Sub msg` lowers to `\tagger -> Elm_Kernel_Platform_leaf "bar" tagger` so the Fx_Leaf value IS the tagger closure. Both wrappers are zero-capture MonoClosures built in Specialize.specializePortNode, so every GlobalOpt staging/arity invariant applies to port nodes without special-casing;Compiler.Monomorphize.Specialize (specializePortNode)|runtime/src/platform/PortRuntime.cpp
PORT_003;CrossPhase;Ports;enforced;Every port reached during monomorphization is registered with the runtime before Platform.worker runs: the MLIR backend emits @__eco_register_ports (calling Elm_Kernel_Platform_registerIncomingPort/registerOutgoingPort per port) and generated @main calls it before the Main entry. Incoming-port payload decoders are compiled as separate specializations of the same Global at their Decoder type (MonoDefine value nodes referenced by PortRegistration.decoderSpecId); Prune treats those decoder specIds as additional reachability roots since only the post-prune registration preamble references them;Compiler.Generate.MLIR.Functions (generateRegisterPorts)|Compiler.Monomorphize.Prune
PORT_004;Runtime_Heap;Ports;enforced;PortRuntime stores incoming-port decoders and current subscription lists as encoded HPointers scanned by an external GC root scanner (registered once via getRootSetSlow().addExternalRootScanner). The scanner takes portsMutex_, so the eco thread must never hold portsMutex_ across a GC allocation (same discipline as TimeEffectManager g_timerMutex). All strings crossing the host C ABI (eco_port_send payloads, outgoing callback payloads, buffered messages) are plain std::string bytes with no GC interaction off the eco thread;runtime/src/platform/PortRuntime.cpp
PORT_005;Runtime_Heap;EffectDispatch;enforced;PlatformRuntime::gatherEffects applies accumulated Fx_Map taggers only through the owning manager's cmdMap/subMap (JS _Platform_toEffect parity): at each Fx_Leaf it builds an applyTaggers closure (cached identity closure when the chain is empty) and calls map(applyFn, value). Direct tagger application to the leaf value is permitted only as a legacy fallback for managers registered with a Nil map function. Port manager maps: outgoing cmdMap = \taggers value -> value; incoming subMap = \f g -> (\v -> f (g v));runtime/src/platform/PlatformRuntime.cpp (gatherEffects)|runtime/src/platform/PortRuntime.cpp
PORT_006;CrossPhase;Ports;enforced;All Elm execution stays on the eco thread. Host threads interact with ports only via eco_port_send (which copies plain bytes into a mutex-guarded queue, holds one pendingAsync ref per queued item, and wakes the event loop; PortRuntime::drainPendingSends decodes and delivers on the eco thread via the Scheduler asyncSource mechanism) and via the subscribe/unsubscribe/introspection API. Outgoing-port callbacks are invoked on the eco thread (or on the subscribing thread when flushing the buffer-until-first-subscribe queue) and must not touch Elm values; re-entry is allowed only through eco_port_send;runtime/src/platform/PortRuntime.cpp|runtime/src/platform/Scheduler.cpp
PORT_007;CrossPhase;Flags;enforced;Program flags reach init exclusively as host-supplied JSON decoded by the program's compiler-generated flags decoder: Monomorphize synthesizes the decoder from the entry's dealiased `Program flags model msg` annotation (Port.toFlagsDecoder, the same builder as the JS target), registers it at startup via Elm_Kernel_Platform_registerFlagsDecoder from the generated preamble, and PlatformRuntime::initWorker decodes pendingFlagsJson_ (or `null` when absent) uniformly — initWorker has no knowledge of any particular flags shape and Elm_Kernel_Platform_worker keeps its one-argument signature (its arity is fixed by elm/core). Decode failure crashes with a message naming the flags (JS Debug.crash 2 parity) (Added 2026-06-11 via plans/native-ports-and-embedding.md Phase 5);Compiler.Monomorphize.Monomorphize (insertFlagsDecoderNode)|runtime/src/platform/PlatformRuntime.cpp (decodeFlags)

# =============================================================================
# LSS - Lambda Set Specialization (design_docs/monomorphization/lambda-set-specialization-design.md)
# =============================================================================
LSS_001;Monomorphization;LambdaSets;documented;In a pruned MonoGraph every MFunction annotation is LTop, LUnknown or a non-empty ascending-sorted LSet of member ids; LSet [] is unrepresentable (zonkSetSlot reads unconstrained slots as a TOP-LABEL, never an empty set, and the member list is ascending by construction). AMENDED 2026-08-24 (plans/lss-unknown-elimination.md Phase 1): the fallback splits in two - LTop where the position was GENUINELY WIDENED (kernel/FFI boundary LSS_004/021/022, the maxSetSize/maxSpecsPerGlobal budget cap, or a soundness absorption), LUnknown where NOTHING WAS EVER WRITTEN. The Phase-1 LUnknown producer set is exactly TWO arms, both in zonkSetSlot: the FlexVar-residual wildcard and the LsFrom-resolved-to-empty arm. Every other top-reading arm stays LTop, and every storeless stamper (Store.classifyGo, Zonk.lambdaChain, TypeSubst, KernelAbi, Specialize, Mono.headAnno's non-arrow default, MapTemplate.arrowAnnos MVar) keeps stamping LTop deliberately - see the plan's SS3.2 for why flipping them relabels nothing and breaks MapTemplate.declinedEngine. KEY LAW: LTop and LUnknown are ONE point for every key derivation - Mono.annoHash gives them the same integer, toComparableFragments the same fragment, annoKeyEq compares them equal, and widenSets/Intern.widenSets stamp LTop for both; splitting any of the four mints duplicate SpecIds per position with NO compile error AMENDED 2026-08-24 (plans/lss-set-variable.md, Phase 3): LUnknown RETIRES into LVar Int - a set VARIABLE, the paper's alpha - and the difference is IDENTITY. LUnknown could say 'nothing was written here' but not 'these two arrows are the SAME unknown', so a store unification between two slots was DESTROYED by the annotation round trip (both read back LUnknown; re-encoding minted two independent fresh slots). LVar n survives it: Store.varNumberFor numbers unwritten slots CANONICALLY by union-find REPRESENTATIVE, in walk order, reset per zonked type, and Store.mintVarSlots pre-mints ONE store slot per distinct n so monoTypeToVarC resolves every occurrence of LVar n to it. The number is scoped to the enclosing MonoType and is part of the comparable key, so (a->a) and (a->b) key DIFFERENTLY while two call sites with the same SHARING PATTERN key together. KEY LAW REPLACED: LTop and the variable are NO LONGER one key point (they encode differently - poison vs a flex slot - so merging them would let a stored TOP poison a variable demand); annoHash hashes LVar by its number, toComparableFragments emits Av<n>(, annoKeyEq is plain structural equality, and widenSets still stamps LTop for all of them. Consumers outside the analysis treat LVar exactly as LTop: it names no members, so nothing devirtualises and every multi-member arrow lowers to GENERIC DISPATCH - sum lowering is deliberately not part of Phase 3;Compiler/MonoSolver/Store.elm zonkSetSlot|Compiler/AST/Monomorphized.elm annoHash
LSS_002;Monomorphization;LambdaSets;tested;For every reachable MonoClosure with srcLambda = Just m the head annotation of its MonoType is LTop or contains m (lowering totality: no closure instance's identity may be missing from its arrow's claimed set);tests/TestLogic/Monomorphize/LambdaSetIntegrity.elm
LSS_003;Monomorphization;LambdaSets;documented;Member ids are per-run stable and minted only by AssignMVarIds (source lambdas via freshLamId on the deterministic whole-program walk), Engine.memberIdFor interning (seeded past GlobalMVarState.nextLam so the supplies never collide), and — third minting site, LSS_019 — Store.zonkSetSlot's grounding rewrite via the shared pure Engine.internMemberKey path (deterministic: interning is idempotent and the zonk order is a deterministic function of the drain). AMENDED 2026-08-21 (LSS_024): the minting-site enumeration is UNCHANGED — the layout-qualified l| key form still mints via Engine.memberIdFor; the determinism note extends: the widened qualifier is a pure function of the enclosing spec's IMMUTABLE creation key, captured write-once at spec creation (interning ORDER still shifts numeric ids across runs — cross-run comparisons match by site/label, never by id);Compiler/Monomorphize/AssignMVarIds.elm freshLamId + Compiler/MonoSolver/Engine.elm memberIdFor/internMemberKey + Compiler/MonoSolver/Store.elm zonkSetSlot
LSS_004;Monomorphization;LambdaSets;documented;Arrow positions crossing the kernel/port/debug ABI carry LTop (poisonArrowSets at deriveKernelAbiTypeWith and specializePort and in the LssInfer walk's kernel-call handling). AMENDED 2026-08-20: LSS_021 (KernelSetFacts) is the calibrated refinement - kernels with an audited per-param row skip the poison on PSFApplies positions; every rowless kernel, arity-mismatched boundary, and port/debug crossing keeps this invariant's full poison. AMENDED AGAIN 2026-08-20 (LSS_022): poison is the UNLICENSED DEFAULT - a kernel carrying a TypeFaithful license row skips it entirely on both sides, and this invariant governs only the rowless, positional-opaque, arity-mismatched, port and debug crossings;Compiler/MonoSolver/Translate.elm poisonKernelArrowsThen + Compiler/MonoSolver/KernelSetFacts.elm
LSS_005;Monomorphization;LambdaSets;documented;Widening monotonicity: compiling with any stricter widening policy (size budget kernel poison lss off) changes only annotations specialization counts and dispatch tiers, never observable behavior — LTop lowers to today's entire pipeline;design doc section 10
LSS_006;Monomorphization;LambdaSets;documented;Arrow ordinals are defined by Store.loadTypeC's set-slot order over a def's signature-source type (annotation first, node type fallback); LssSignature.arrows and fact application both index by it, and applyFacts poisons on ordinal-count mismatch rather than mispair. AMENDED 2026-08-24 (plans/lss-unknown-elimination.md Phase 2a): ordinals count POSITIONS, not MINTS. Under lss.arrowIdentity a position may REUSE a slot minted by an earlier position of the same load (two TLambda occurrences carrying the same ArrowId), so the ordinal array can legitimately hold the SAME Point twice. Hit/miss contract, all four rows load-bearing: miss = push arrowSlots + bump slotsMinted + insert arrowMemo; HIT = push arrowSlots ONLY; noArrowId = push + bump + NEVER insert; flag-off = push + bump, memo untouched. A hit that skipped the push would shorten the array and applyFacts poisons the whole instantiation SILENTLY (censusLenGuard is report-gated); a hit that bumped slotsMinted would corrupt the dead-slot census. Expect LssSignature.trivial to go false more often (two ordinals sharing a rep) - a COMPILE-TIME cost, not a precision change;Compiler/MonoSolver/Store.elm loadTypeWithArrows|tests/TestLogic/Monomorphize/ArrowIdentityTest.elm
LSS_007;Monomorphization;LambdaSets;documented;Store content discipline: a FunL set slot contains FlexVar or Structure (LambdaSet1 ...) where LambdaSet is LsTop | LsMembers | LsFrom (LsFrom carries deferred in-edge source slot Points - LSS_023); LambdaSet1 appears nowhere else; typechecking-phase stores contain neither FunL nor LambdaSet1 (Fun1 is retained as the slotless arrow so the lss-off path is allocation-identical). AMENDED 2026-08-24 (plans/lss-unknown-elimination.md Phase 1b): the DEMAND path can now mint a bare FlexVar set slot too - Store.monoTypeToVarC's MFunction arm mints FlexVar (not Structure) for an LUnknown annotation, so that an unwritten position stays RECOVERABLE by a later LSS_010 join or retranslation instead of becoming terminal absorbing poison. Previously only loadTypeC produced bare-FlexVar slots. The invariant itself is unchanged - FlexVar was always legal - but the producer set is wider;System/TypeCheck/IO.elm FlatType|Compiler/MonoSolver/Store.elm monoTypeToVarC
LSS_008;GlobalOpt;LambdaSets;implemented;Every closure alive after annotations exist must carry an honest identity toward AbiCloning's singleton-uniqueness guard: rewrites that wrap/copy a MonoClosure propagate the original's srcLambda (staging wrappers: all stages; inliner copies: verbatim per OQ6), and the pass's instance index ADOPTS singletonHeadMember of the type for srcLambda-less closures (alias/general wrappers from wrapTopLevelCallables — SrcLambdaId is an opaque supply-only Id so adoption happens at the consumer, not by stamping) — instance MULTIPLICITY, not absence, is what the guard consumes; a wrapper counted for no member while its annotation names one re-establishes false uniqueness and licenses a wrong fast-dispatch stamp (silent miscompile, design section 9.3). Inliner partial-application rebuilds carry LTop heads and strictly reduced first-stage arity, so the anno/arity guards already decline them;Compiler/GlobalOpt/Staging/Rewriter.elm buildNestedWrapper + Compiler/GlobalOpt/AbiCloning.elm instanceMember
LSS_009;GlobalOpt;LambdaSets;implemented;AbiCloning may stamp a REPRESENTATIVE instance over several only when every instance is a verbatim copy of the member (directly srcLambda-stamped with a real-module lambdaId home — mono/inliner/local-multi producers), filtered to the call site's callee layout (sigKey: widened param+return) and unanimous in capture layout (abiKey: widened captures) — same source lambda + same layouts implies alpha-equivalent compiled bodies (mono is type-directed; all external influence enters via captures/params; annotation-only differences cannot change behavior per LSS_005) and computeClosureCaptures fixes one slot order, so any survivor's fast clone is exact for any survivor's object. Staging-wrapper stages (synthetic wrapperHome) and adopted synthetic closures are BLOCKERS that decline the member's sites outright: they share the identity but not the code or capture layout (design section 9.2 M3.5). AMENDED 2026-08-18: the interchangeable-representative premise is discharged by LSS_017 fork-qualified members (singleton member => unique behavioral instance by construction) and by LSS_018 force-blocking mu-tied members whose instances span different demands. AMENDED 2026-08-21 (LSS_024): the representative license adds the FINGERPRINT condition — the premise is discharged by LSS_017 id inequality (lss.layoutQualMembers off) or by LSS_024 verbatim-body fingerprint unanimity across the layout group (flag on; bodyMismatch decline otherwise); multiInstanceGroups is a MONITORING DELTA in both regimes (MonoInlineSimplify verbatim copies always joined groups, and under LSS_024 annotation-only clones legitimately join too);Compiler/GlobalOpt/AbiCloning.elm + Compiler/GlobalOpt/Staging/Rewriter.elm wrapperHome
LSS_010;Monomorphization;LambdaSets;tested;Under widened (keyed=False) spec keys the registry's stored type must be the annotation JOIN of every admitted demand, and a join that changes the stored type of an already-scheduled spec re-translates it (dirtySpecs worklist re-push; monotone finite lattice so it terminates) — the single translated node serves every caller hitting the key, so seeding its body annotations from only the first demand lets a singleton set lie about later callers' values and a fast-dispatch stamp becomes a silent miscompile (found live: two same-type lambdas through one HOF spec executed the first lambda's code for the second caller). Bare global references enqueue storeless-classified all-LTop demands, so escaping function values automatically top-poison the join. Flag-off never joins (all annotations LTop) — byte-identical;Compiler/Monomorphize/Registry.elm getOrCreateSpecIdKeyed + Compiler/MonoSolver/Engine.elm enqueueSpec + tests: test/elm/src/LssSharedSpecJoinTest.elm
LSS_011;GlobalOpt;LambdaSets;tested;E2 PAP-prefix stamp: AbiCloning may stamp a site whose callee value is an m-PAP only when the site's callee annotation is a singleton LSet [m] and the site exactly saturates its own callee type (argCount == first-stage params) but no layout group matches the FULL param layout, and some group's k-dropped param suffix (k = paramCount - argCount >= 1) eqLayout-matches the site params and return. The stamp sets CallInfo.fastPapPrefix = Just k and captureAbi = rep captures ++ take k rep params / drop k rep params (emitted as _pap_prefix = k with the merged _capture_abi). Soundness: the runtime object is an m-PAP whose header holds max_values = |captures| + |params| (papCreate packs its arity attr = TOTAL slots) and n_values = |captures| + k filled slots in order [captures... applied args...] with declared kinds (eco_pap_extend Phase-D conversion), so the unchanged fast lowering's |_capture_abi| loads read exactly the filled prefix and the direct clone call receives the full argument row. The k prefix types face the same Char (i16) gate as captures LSS_040 extends this SAME emission to PAPs of GLOBALS: the target there is a registry SPEC (fastEvaluatorSpec = Just specId, bare symbol) and k is supplied by the p| member rather than inferred from paramCount - argCount.; codegen derives the bare-vs-$cap symbol from the REAL capture count (|captureTypes| - k) because captureless members have no $cap clone. Under/over-applying sites and bare references are NOT PAP-stampable (they create PAPs or are flat multi-stage calls) and are sub-counted as declinedShapeArity zero/under/over;Compiler.GlobalOpt.AbiCloning resolvePapSuffix + Compiler.Generate.MLIR.Expr generateFastDispatchCall | tests: test/codegen/fast_dispatch_pap_prefix.mlir + test/elm/src/HofPapPrefixDispatchTest.elm
LSS_013;Monomorphization;LambdaSets;tested;Spine injection: a member value's loaded type carries its member id on EVERY arrow of its RESULT spine (the head arrow and each nested result arrow), or a top-poisoned slot — never only the head. A partial application of member m is m one stage further in (design section 3.3 / OQ4), and the solver store shares a partial application's result Point with the callee's inner-arrow Point (Unify FunL x FunL arm subUnifies res1 ~ res2), so writing m across the whole spine makes ordinary call unification transport m to every partial-application site with no extra machinery. ARGUMENT-position arrows are NOT injected (they are inhabited by callers' values, not by m). Slots are written with the total-join unifySlotWithSet, so inner arrows reached by unification joins carry the UNION of every reaching member (extra inhabitants widen the set, never corrupt it; singleton consumers decline non-singletons per LSS_005). Injection sites: LssInfer.injectSpineMemberId, reached from injectLambdaMember (source lambdas via classifyLambdaHead and injectArgLambdaMember) and standaloneMember (interned global/ctor/kernel/accessor values used as function values). This is what activates the E2 PAP-suffix stamp (LSS_011) at partial-application sites. AMENDED 2026-08-19 (LSS_019): under lss.groundStandalones spine arrows ground PER-ARROW-LAYOUT at zonk — a PAP stage's element identity is (global x stage layout), e.g. add : Int -> Int -> Int yields distinct ground ids at the head and depth-2 arrows, both SourceGlobal-resolvable; nothing keys on head-id == inner-id;Compiler.MonoSolver.LssInfer injectSpineMemberId + spineGo | tests: tests/TestLogic/Generate/CodeGen/SpinePapDispatchTest.elm + test/elm/src/HofPapPrefixDispatchTest.elm
LSS_014;GlobalOpt;LambdaSets;tested;E2.7 staged stamp: AbiCloning may stamp an OVER-applying site (argCount > site callee type's first-stage params) only when the site's callee annotation is a singleton LSet [m] and some layout group of m eqLayout-matches the site's FIRST stage exactly (group params == site fargs AND group return == site fret), charFree and unanimous. The stamp sets the SAME fields as the exact arm (closureKind, captureAbi = the instance row verbatim, fastEvaluator; fastPapPrefix stays Nothing — an over-applied PAP is out of scope/v3). Emission detects stagedness as |args| > |captureAbi.paramTypes| and MUST split: a v1-shaped fast papExtend consuming exactly |paramTypes| args (remaining_arity = |paramTypes|, truthful per CGEN_052 — it is the instance's own first stage), then ONE generic segmentation-unknown papExtend applying the remaining args to the batch-1 result (a runtime-computed closure, per the H6.2-L1 cross-stage doctrine — no remaining_arity, no capture claims). Later-stage dispatches remain generic (chaining needs per-stage result sets — v3). Census: stampedStaged; first-stage-mismatch sites keep declinedShapeArityOver;Compiler.GlobalOpt.AbiCloning resolveStagedFirstStage + Compiler.Generate.MLIR.Expr generateStagedFastDispatchCall | tests: tests/TestLogic/Generate/CodeGen/E2V2StagedDispatchTest.elm + test/elm/src/StagedFastDispatchTest.elm
LSS_015;Monomorphization;LambdaSets;tested;E9 ctor devirtualization: an indirect call whose callee is a PLAIN VAR (VarLocal/TrackedVarLocal — a var read is effect-and-bottom-free, so dropping it is sound) with a singleton head annotation LSet [m] where m is a "c|" ctor member, and whose arg count EXACTLY equals the ctor's declared arrow-spine arity, is translated as a DIRECT call to the ctor reference at the site's own canonical type (translateVarRef enqueues the ctor spec at the site's layout; downstream staging/codegen emit the direct eco.call — the dispatch is REMOVED, not converted). Interchangeability is definitional for ctors (captureless, one identity per global) — stronger than LSS_009. Provisional-singleton soundness rides LSS_010: a later join marks the spec dirty and the drain-end flush re-translates the node with the fully-joined demand, re-deciding the devirt. Partial ctor application (a PAP) and non-var callees are NOT devirtualized. E9.1 extends the class to "g|" body-bearing fn globals (Define/TrackedDefine/Cycle) behind lss.devirtFnGlobals (hash lssDF=1, default off). Census: lssStats.devirtDirect;Compiler.MonoSolver.Translate devirtDirectTarget + Compiler.MonoSolver.Engine standaloneMemberIdFor/standaloneMemberGlobal | tests: tests/TestLogic/Generate/CodeGen/E9CtorDevirtTest.elm + test/elm/src/CtorDevirtTest.elm
LSS_016;Monomorphization;LambdaSets;tested;E9.2 kernel devirtualization: an indirect call whose callee is a PLAIN VAR with a singleton head annotation LSet [m] where m is a "k|" kernel member, and whose (home,name) is on the kernel-devirt WHITELIST with the site arg count exactly equal to the whitelist-pinned arity, is translated as the DIRECT kernel call form a written-out call produces (MonoVarKernel callee with deriveKernelAbiTypeCall-derived ABI type — typed variants like cons_Int selected per layout; the dispatch is REMOVED). The registration is the soundness boundary and pins each entry's exact ELM-VISIBLE arity plus a REP shape guard. MOVED 2026-08-20 out of an if-else in Translate into KernelFacts as devirt : DevirtPolicy (DevirtNo | DevirtAt Int ShapeGuard, ShapeGuard = ShapeAny | ShapeNoUnboxedScalarAt positions where -1 is the result), so the pin sits beside the purity evidence that devirt makes load-bearing; Translate.kernelDevirtArity/ShapeOk/EmissionOk are readers over it and validationErrors cross-checks arity against params WHEN NON-EMPTY (params = [] means the borrow axis was not audited, NOT zero arguments - which is why the arity is an explicit field rather than List.length params). The deep CNumber-freedom check, formerly cons-specific, now applies to every registered kernel. Registered set (13, from the kernelMissHist growth census): List.cons, Scheduler.succeed/fail, Basics.not/add/round, String.length/toLower/trim/fromList, Utils.equal/append, Json.wrap. Guards are argued per kernel from the EXPORT table, not assumed: String.length guards only its argument because its int64_t result is legitimately unboxed; Utils.equal and Json.wrap guard only the result because their _Int/_Float variants make unboxed ARGUMENTS the correct derivation; Basics.round takes ShapeAny because its sole export is int64_t(double) and any guard would decline every site. AMENDED 2026-08-20 (Wave 0 of plans/kernel-devirt-arity-table.md): the original 'each entry must be pure' clause is RESTATED, having been established rather than assumed. The rewrite ITSELF is semantically identity-preserving and needs no purity - translateIndirectCallBody's DevirtKernel arm emits MonoCall over the ALREADY-translated monoArgs at the same program point, discarding only monoFunc, a var read, so the kernel's effects, count and order are preserved by construction (the sibling DevirtGlobal arm records the same reasoning: monoFunc's translation is a var read, so state effects are identical). What devirt does is AMPLIFY CAPABILITY: an indirect call is opaque about which kernel it is, while a direct MonoVarKernel call exposes the identity to three DEFAULT-ON purity-driven consumers keyed on exactly that - MonoInlineSimplify's dead-let gate (config kernelFactsDce; drops a dead call when KernelFacts.droppable and the args are pure), CsePurity/MonoCse (admits calls whose kernel is audited cseSafe), and Generate/MLIR/Ops.calleeIsDroppable (config callPurityAttrs; stamps eco.cse_safe on the direct eco.call, licensing MLIR-level merge and DCE). Devirt therefore promotes a kernel's KernelFacts purity row from INERT to LOAD-BEARING at that site. The boundary is: exact arity + ABI shape guard + a purity row that is CORRECT IF PRESENT. All three consumers apply whitelist discipline (unlisted or unaudited yields False), so a kernel with no audited row is safe-but-unoptimized rather than unsound - purity is a PRECONDITION ON THE EXISTING KernelFacts ROW, not a filter on which kernels may be registered. The ABI derives POST-HOC on already-translated args (the indirect path translates args before the devirt decision; sound because the args already unified against the callee var arrow — re-examine if a number-polymorphic-literal-arg kernel is ever whitelisted). Provisional-singleton soundness rides LSS_010. Census: lssStats.devirtKernel;Compiler.MonoSolver.Translate devirtKernelTarget/kernelDevirtArity + Compiler.MonoSolver.Engine kernelMemberIdFor/standaloneMemberKernel | tests: test/elm/src/ConsDevirtTest.elm
LSS_017;Monomorphization;LambdaSets;implemented;Fork-qualified lambda members (Fix B): under lss.enabled, a lambda instance minted while translating spec S of a KEYED-ROUTED global carries the spec-qualified member Q(L,S) = interned "l|<srcLambdaKey L>|<S>" (Engine.lambdaInstanceMemberId, reading ItemAux.currentSpecId; routing predicate identical to enqueueSpec's keyed predicate), stamped IDENTICALLY in its set injection (injectLambdaMemberQualified from classifyLambdaHead and injectArgLambdaMember) and its ClosureInfo.lssMember (specializeLambda; staging wrapper stages copy it per LSS_008) — annotations and AbiCloning's instance index must live in ONE member id space. Raw srcLambdaKey ids may appear only in inference-phase signature facts and are never carried by any instance, so a signature-transported raw singleton misses the instance index and declines (unstampable-but-sound). Rationale: keyed clones of one source lambda are same-layout but behaviorally DIVERGENT; a shared raw member id let them impersonate each other at singleton consumers — the representative-hijack SIGSEGV (plans/lss-dispatch-value-extraction.md E11 arc). Q(L,S1) /= Q(L,S2) makes "singleton member => unique behavioral instance" true by construction, discharging LSS_009's interchangeable-representative premise (multiInstanceGroups is a MONITORING DELTA, not a zero-gate: MonoInlineSimplify mints fresh lambdaIds for verbatim inline copies). Interning is idempotent so LSS_010 dirty-flush re-translations re-mint the same id; a routed mint with no current spec falls back to raw and bumps lssStats.unqualifiedLambdaMints (expected 0). AMENDED 2026-08-18: termination of the specs->qualified-members->keys spiral is owned by LSS_018's mu-tie, not the maxSpecsPerGlobal budget. AMENDED 2026-08-20 (LSS_020 / plan lss-fidelity-3 Phase C): under lss.sigFlow signatures are a LIVE raw-l| channel for body-internal lambdas - measured self-compile magnitude +133 declinedNoInstance (1,380 -> 1,513) against 394 nontrivial signatures, i.e. NOT material; the decline path (member-index miss -> declinedNoInstance) is the enforced handling, and enqueue-time qualification (plans/lss-fork-qualified-members.md section 8) remains the recorded v2 if that mass ever becomes material. AMENDED 2026-08-21 (LSS_024): under lss.layoutQualMembers the qualification key is the enclosing spec's annotation-widened IMMUTABLE creation key (l|<raw>|<widenedKey>) instead of the SpecId, so same-layout annotation-split clones SHARE one member id; the sentence "keyed clones of one source lambda are same-layout but behaviorally DIVERGENT" is retained as the E11 record but re-scoped — such clones now share an id and are fenced at the CONSUMER by LSS_024 fingerprint unanimity, not by id inequality; raw-l| signature ids unchanged. AMENDED 2026-09-05 (LSS_038): under lss.instanceQual the qualifier gains a THIRD component - the enclosing LOCAL-MULTI instance - because local-multi instance keying is annotation-SENSITIVE (Engine.recordMultiInstance) while this qualification was not, so two instances of one let-function minted inside ONE spec shared a member id;Compiler/MonoSolver/Engine.elm lambdaInstanceMemberId + Compiler/GlobalOpt/AbiCloning.elm instanceMember + plans/lss-fork-qualified-members.md section 10
# LSS_012 is PERMANENTLY SKIPPED (reserved for the E3 small-set dispatch tier, closed 2026-07-16 on the E0.5 census - plans/lss-dispatch-value-extraction.md); do not reuse the id.
LSS_018;Monomorphization;LambdaSets;tested;Under lss.muTie (DEFAULT-ON since 2026-08-18; env ECO_MONO_LSS_MU_TIE, hash token lssMU=0 when disabled), a translation-phase lambda mint whose enclosing spec's STORED demand already carries a qualified member of the same raw lambda reuses that member id (mu-tie; canonical = smallest such id via ItemAux.demandQualified, rebuilt per item from the joined registry type so LSS_010 re-translations re-tie monotonically), records it in lssMemberTable.muTied, and every mu-tied id is exported as MonoGraph.lssBlockedMembers and force-blocked in AbiCloning's member index - tied members never rep-stamp (instances span DIFFERENT demands of one recursive family and are behaviorally divergent - the representative-hijack class of plans/lss-dispatch-value-extraction.md E11). Tied instances KEEP their lssMember stamp (LSS_008 - blocking lives at the index, never at the instance). Termination of the specs->qualified-members->keys spiral thereby no longer depends on maxSpecsPerGlobal (the budget is fan-out policy only - aim 2 of the fidelity mapping). The demand scan and lambdaQualified recording are FLAG-GATED (zero default-path cost; one-shot census 2026-08-18 measured the eligible population at 0 on the self-compile - Run J); monitoring is derived free at report time from Dict.size of muTied/lambdaQualified plus AbiCloning declinedBlocked. LSS_005 preserved: tying changes annotations and spec counts and dispatch tiers, never observable behavior. Measured 2026-08-18: a forced-spiral fixture fans out to 65 specs flag-off (= maxSpecsPerGlobal + seed - the budget is the ONLY flag-off terminator, confirming the fork plan section 6.5 hazard) and closes at 2 flag-on; on the self-compile the eligible population is 0, so the default flip is behavior-neutral there (byte-identical MLIR, identical GC counters). AMENDED 2026-08-21 (LSS_024): under lss.layoutQualMembers the tie takes an EQUAL-ID BYPASS — when the demand-carried id equals the id the layout-qualified mint's key already interned, the mint proceeds plainly and records NOTHING in muTied (censused layoutQual.tieBypass); only a tie to a DIFFERENT id — the genuinely-divergent recursive class — fires, records and blocks; spiral termination is preserved with strictly less id fan-out (a generation-2 spiral spec is an annotation-only split of generation 1, so its widened key is equal and C closes the spiral even with muTie OFF — LayoutQualTest pins both arms); lambdaQualified's payload is (raw, FIRST-minting spec), first-mint-wins — diagnostics only under LSS_024, where several specs legitimately share one mid;Compiler/MonoSolver/Engine.elm lambdaInstanceMemberId + Compiler/MonoSolver/Monomorphize.elm demandQualifiedFor + Compiler/GlobalOpt/AbiCloning.elm abiCloningPass + tests: compiler/tests/TestLogic/Monomorphize/MuTieTest.elm + plans/lss-fidelity-1-watchdogs-budget-accounting.md section 2
LSS_019;Monomorphization;LambdaSets;implemented;Under lss.groundStandalones (DEFAULT-ON since 2026-08-19; env ECO_MONO_LSS_GROUND, hash token lssGS= when non-default), a provisional standalone member (g|/c|, recorded in lssMemberTable.provisionalStandalone at the standaloneMemberIdFor intern) read back from a set slot at an arrow whose param/result zonk is residual-free is rewritten at zonk to the ground member g|<global>|<widened-arrow-typeKey> (interned once via the shared pure Engine.internMemberKey, SourceGlobal-resolvable so every existing consumer — E9/E9.1 devirt, buildMemberOrigins prefix dispatch, Borrow origins — resolves it with zero changes; the key is annotation-widened via widenSets so a set never participates in its own members' identity, severing the mu-circularity by construction). Residual-carrying arrows KEEP the provisional id (deferral — equals pre-plan semantics, sound, convergent under LSS_010 re-translation; census lssStats.grounding.deferred is the recorded precision frontier). Ground ids are never in provisionalStandalone and thus never re-ground, making zonk-encode-zonk idempotent — the stability LSS_010's finite-lattice termination argument consumes. Element identity for standalones is thereby (global x instantiation layout), the id-space image of the paper's mu-aware substitution for d-sigma occurrences inside sets (fidelity mapping GAP-1); signature facts stay provisional (symbolic) through the pre-spec phase (zonkSigGo reads slots directly) and ground at their consuming instantiation's zonk. Kernels (k| — GAP-4), accessors (a| — correctly a family) and lambdas (l| — already spec-qualified per LSS_017) deliberately do NOT ground;Compiler/MonoSolver/Store.elm zonkSetSlot/groundMembersC + Compiler/MonoSolver/Engine.elm groundSetMembers/groundStandaloneMemberIdFor + tests: compiler/tests/TestLogic/Monomorphize/LssGroundingTest.elm + plans/lss-fidelity-2-standalone-member-grounding.md
LSS_020;Monomorphization;LambdaSets;implemented;Under lss.sigFlow (env ECO_MONO_LSS_SIG_FLOW, hash token lssSF= when non-default; DEFAULT-ON since 2026-08-21 — the directed-set-flow §8.3 flip, re-opened and taken after LSS_024 removed the runtime de-stamp blocker: with layoutQualMembers on, the sigFlow arm BEATS the sf-off baseline on fast dispatch (runtime-calls Run AC), mono wall FLAT with majors identical (lss-opt Run AD); flip battery green — E2E 1686/1686, elm-tests pre-existing-12 only, Stage-4b/8c bootstrap fixed points, same-corpus rail) the inference walk is VALUE-RETURNING with a four-class honesty contract (WpNone/WpSelf/WpHonest/WpOpaque) and connects ground-typed intra-def flow to signature slots: member-root joins (TailDef roots arg-peeled - TailDef bodies are arg-stripped at the result type), param binding via the lambda's own loaded spine into letEnv, lambda result-position joins, If/Case hub joins (canTypeMentionsArrow-guarded; a hub PUBLISHES members only when every branch is honest - WpSelf tail calls are skipped as the redundant mu-edge - otherwise it POISONS, because a partial member join claims completeness while a blind branch's runtime inhabitants are invisible: the false-singleton devirt miscompile vector), Let rhs joins, and slot-only local-callee call-shape joins - all set-slot-only, never whole-type unification across generalization boundaries (design section 7.4; local callees deliberately do NOT go through unifyCallShape). The def's own self lambda-id is FILTERED at signature readback (redundant with the g| standalone spine injection, which grounds per LSS_019, and its transport would flip every >=1-param def nontrivial, killing the trivial short-circuits); signature readback applies the maxSetSize widening policy (sigStats.widenedBySigSize, unconditional; widenedByCf/kernelFactHits report-gated per plan-1 section 7.6). AMENDED 2026-08-20 (LSS_023): directed inclusion IS implemented in its DEFERRED form (LsFrom / pull-at-read) and REPLACES the symmetric joins at the hub, local-callee and tunnel sites under lss.sigFlow; the SNAPSHOT form remains banned (a snapshot read under-approximates: applyFacts precedes arg unification - deferral is what makes the directed fact sound there). Flag-off the walk performs today's store-operation sequence exactly. AMENDED 2026-08-24: the A.1 arg-position residue this walk records as OPEN - unifyParamsBestEffort loads each ARGUMENT's type fresh, so an argument's members never reach the callee instantiation on the inference side - REMAINS OPEN. A repair (LSS_026 D2, flowArgWp) was built behind lss.callArgFlow and DELETED 2026-08-24 after measuring a -0.51pp fast-dispatch regression for no consumable gain; see LSS_026's history clause. The B.0 single-source acceptance rule (accept WpOpaque, skip WpNone) is UNCHANGED but RE-ARGUED: it used to rest on the A.1 leak keeping opaque slots empty-rather-than-partial, and now rests on LSS_026(a) instead - an empty (flex) source no longer vanishes from a members-carrying readback, it widens it to TOP - which is the justification that survives should the leak ever be repaired. Hub MIXING of opaque points stays banned. NOTE the root-cause finding (design_docs/auto-borrow-inference/lss-why-the-fidelity-program-failed.md): A.1 is not a local defect but an instance of Can.TLambda carrying no identity, so arrow slots are re-minted per load and every repair is hand-reconnection; fix arrow identity, not the individual sites. Measured 2026-08-20 self-compile: flag-on 394/9,687 signatures nontrivial (self-filter holds the rest trivial), singleton sets 64,238 -> 95,537 (+31,299), top-share 82.1% -> 76.1%, byBudget +5.3% (watchdogs quiet), out.mlir +0.22%, devirt counters identical AMENDED 2026-08-24 (plans/lss-unknown-elimination.md SS10): the A.1 residue was expected to close STRUCTURALLY under arrow identity rather than by repair, and it does - but only for artifact #7 (the fresh load at unifyParamsBestEffort, which becomes idempotent because it loads through the SHARED memo). EXP-2a measured that a def's stashed defType and its body Function's meta.tipe are structurally-equal DISTINCT objects in 97.5% of cases (rootAnn|hitExact 567 of 22,703), so the cross-object signature-channel artifacts (#1 demandUnifyRoot/lssRootAnn, #6 bindParamsFromSpine, #8 enrichFromEnv, #10 connectTypes) are NOT reachable from per-occurrence ids and require solver-root ids (Phase 2b). Nothing in this row retires yet.;Compiler/MonoSolver/LssInfer.elm walkExpr/walkMembers/bindParamsFromSpine/joinCfHub/joinCallArgs + Compiler/MonoSolver/Engine.elm SigFlowStats + tests: compiler/tests/TestLogic/Monomorphize/LssSigFlowTest.elm + test/elm/src/LssSigFlowTest.elm + plans/lss-fidelity-3-signature-flow-completion.md
LSS_021;Monomorphization;LambdaSets;implemented;AMENDED 2026-08-20 (LSS_022): Positional is now the MIDDLE tier of a three-tier table consulted through the single entry point KernelSetFacts.factFor (TypeFaithful > Positional > no row); planFor/rowFor are gone and the arity check lives in the consumer. Kernel arrows poison per KernelSetFacts - PSFApplies params keep their sets (the kernel only CALLS the value: audited from the C++ body, mandatory evidence field per row, KernelFacts.elm discipline), PSFTunnels params flow into the result DIRECTED under lss.sigFlow (the joinTunnels/joinKernelTunnels selector - LSS_023) and symmetric otherwise; a PSFTunnels row may land only with that selector in place (no rows ship yet), and everything else - every PSFOpaque position, every kernel without a row, every arity-mismatched or early-spine boundary - poisons as LSS_004. Inference (LssInfer.kernelCallBoundary, call-site arity check via planFor) and translation (Translate.poisonKernelArrowsThen, scheme-spine descent via rowFor) consult ONE table so the two sides never disagree (the LSS_006-style two-sided discipline); widenedByKernel keeps meaning boundaries-that-poisoned (a partial row that still poisons other positions still bumps once) and kernelFactHits (report-gated) counts row applications. Callback-STORING kernels are recorded rejections in the module doc (Scheduler.andThen/onError/binding/receive - runtime/src/platform/Scheduler.cpp:144-162 allocTask stores the callback) - a wrong PSFApplies row is a miscompile vector, so when in doubt a kernel keeps LSS_004 poison. The six v1 rows (List.map2/3/4/5, List.sortBy, List.sortWith) were RE-AUDITED to the full LSS_022 checklist on 2026-08-20 and PROMOTED to TypeFaithful, which dissolves their recorded v1 caveats (the map result's PAP-of-callback hazard is covered by LSS_013 spine semantics; the sortBy/sortWith list->result permutation tunnel is the type's own a-sharing); Bytes.decode is the sole remaining Positional row - its callback is apply-only but its result must stay PSFOpaque because BytesExports.cpp routes on an out-of-band Nothing sentinel the callback's (Int, a) type does not describe (an A2 honesty failure confined to the result);Compiler/MonoSolver/KernelSetFacts.elm + Compiler/MonoSolver/LssInfer.elm kernelCallBoundary + Compiler/MonoSolver/Translate.elm poisonKernelArrowsThen + plans/lss-fidelity-3-signature-flow-completion.md Phase F
LSS_022;Monomorphization;LambdaSets;tested;Kernel parametricity license: under a KernelSetFacts TypeFaithful row a kernel boundary performs NO LSS_004 poison on either side - inference (LssInfer.kernelCallBoundary) instantiates the kernel's own occurrence type in an isolated memo and unifies the call shape, translation (Translate.poisonKernelArrowsThen) passes the loaded scheme through untouched - because the kernel's set flow IS its Elm type's variable-sharing graph, per an audit discharging the plan's checklist: application only through the four sanctioned entry points (eco_apply_closure/_eval/_typed/eco_apply_segmentation_unknown) or thin wrappers, no retention beyond the call, no closure fabrication or laundering, honest and fixed-arity type. No positions means no arity rule: partial and over-application unify against however many args are present and are shape-correct by construction, which is why the tier needs no analogue of Positional's arity fallback. OCCURRENCE VERIFICATION (added 2026-08-20): a license is a claim about a TYPE while the consumers see a different type at every occurrence, so LicenseScope carries the proof obligation that binds them and KernelSetFacts.licenseApplies discharges it before either consumer may skip the poison - Inert re-derives 'no function-capable position' from the occurrence type (the ONLY guard against Elm-annotation drift, which the C++-hashing rot manifest cannot see) - and that re-derivation implements ruling R1 via Engine.isScalarVar reading the solver's super table: number and comparable bottom out in scalars and are NOT function-capable, appendable/compappend reach a bare element variable through List a and ARE, and a super-table MISS answers not-scalar so the failure direction is a missing license rather than a wrong one (before this, every TVar counted as function-capable and the Inert licenses on Utils.compare/equal/lt/gt/le/ge and Basics.add/sub/mul/pow were refused at every polymorphic caller); Transports needs none because an aliasing annotation already bounds every occurrence; TransportsAs declares the type and checks the occurrence is an instance of it, which is required because Can.VarKernel generates CTrue (Type/Constrain/Typed/Expression.elm) - an unannotated kernel is typed entirely by context and NOTHING bounds it. Verification failure falls back to full poison; it is fail-safe, never fail-stop. AMENDED 2026-08-20 (TYPE_KERNEL_001): intrinsic annotations remove this hole where they are applied, and the two compose - verification refuses what it cannot check, intrinsics supply the facts. MEASURED consequence for kernels that remain unannotated: their occurrence types are frequently UNSOLVED VARIABLES (the neighbouring kernels are CTrue too), so a declared shape asserting constructors or repeated variables verifies against nothing and the row silently never applies - List.fromArray/toArray were audited, found unlicensable on this ground and left rowless, while Json.addEntry ships a shape asserting only arity plus first-param-is-an-arrow, which claims no transport and only that the kernel adds and retains nothing. SOUNDNESS DIRECTION: an unconstrained FunL slot reads LTop at zonk (Store.zonkSetSlot FlexVar arm), so a licensed position receiving no flow reads top, never a false empty set; the only hazard is a populated-but-incomplete set, which the checklist excludes. THREE REJECTION PREDICATES, applied mechanically and preferred to prose: (1) a free unconstrained type variable whose payload passes through a NULLARY-CTOR CARRIER - type Task err ok = Task, Cmd msg, Sub msg, Decoder a, Expect msg, Resolver x a, Body, Part, Program, ProcessId - is retention into a position the type cannot describe; (2) type erasure into an opaque parameterless type (Json.wrap's identity fallthrough, Debugger.unsafeCoerce : a -> b whose unshared variables make the claim inexpressible by construction); (3) kernel-authored closure allocation (Tag_Closure/allocClosure/papCreate) reaching a type-visible position - transient PAPs built inside eco_apply_closure_eval are sanctioned and are the LSS_013-covered inhabitants. A fully concrete arrow-free variable-free type is the vacuous class and IS licensable even for Task-returning kernels, because a scheme with zero set slots makes the poison a provable no-op - the row is inert-by-construction and buys only the census sharpening plus a dict lookup in place of a whole-type walk; such a row must be re-audited if the ELM ANNOTATION ever gains an arrow or a variable, which the rot manifest cannot detect because it hashes C++ only. Constrained variables are function-capable only if what they range over can contain a function: number and comparable bottom out in scalars (vacuous), appendable and compappend reach a bare element variable through List a (cheap). Every row carries mandatory evidence in the plan's 2.6 format (class|entry|helpers|type|B1|B2|B3|audited) and every licensed row lists the kernel-source C++ files its grant depends on, pinned by sha256 in kernel-license-manifest.txt and enforced BOTH WAYS by test/scripts/check-kernel-license-manifest.sh (hash match, and manifest coverage equal to the declared rows) wired into the default build graph. Globally-sanctioned runtime machinery (RuntimeExports.cpp application entries, HeapHelpers.hpp, allocator internals, TaskBinding.hpp) is deliberately OUT of manifest scope: shared by every kernel, no per-license signal, and it would rot every row on unrelated allocator churn. Grant rule, unchanged in direction from LSS_021 and widened to every position at once: a wrong license is a false-singleton miscompile and a missing one costs only precision, so ANY checklist doubt means Positional or no row. Census: sigStats.kernelLicensed counts licensed boundaries and sigStats.kernelFactHits positional ones (disjoint, report-gated); widenedByKernel keeps meaning boundaries-that-poisoned, so licensed boundaries stop bumping it;Compiler/MonoSolver/KernelSetFacts.elm + Compiler/MonoSolver/LssInfer.elm kernelCallBoundary + Compiler/MonoSolver/Translate.elm poisonKernelArrowsThen + compiler/src/Compiler/MonoSolver/kernel-license-manifest.txt + test/scripts/check-kernel-license-manifest.sh + tests: compiler/tests/TestLogic/Monomorphize/KernelLicenseTest.elm + test/elm/src/KernelLicenseTest.elm + plans/kernel-parametricity-license.md
LSS_023;Monomorphization;LambdaSets;tested;Directed set flow via content-carried deferred inclusions (plans/lss-directed-set-flow.md): LambdaSet gains LsFrom members sources - members-so-far plus DEFERRED in-edge source SLOT Points, meaning this slot INCLUDES each source slot, resolved at READ (pull-at-read: zonkSetSlot and zonkSigGo walk the reachable edge graph at that moment - no write hooks, no worklist, no batch pass, no barrier - read-time semantics inherit exactly HEAD's exposure). EVERY producer is lss.sigFlow-gated including the kernel-tunnel selector (the kernel boundary itself runs flag-off under LSS_021, so the gate lives at joinTunnels/joinKernelTunnels - without it the first PSFTunnels row would mint LsFrom flag-off) - flag-off no LsFrom exists and the representation is byte-inert. LsFrom's source list is NON-EMPTY by construction (addSlotSource only adds, merges carry sources through, top drops the whole variant - no collapse rule) - members may be empty (unlike LsMembers) - sources dedupe by raw pointKey at install and at the Unify join (IO.pointKey - Unify cannot import Engine) - top is absorbing and DROPS sources - EMPTY resolution reads LTop, never LSet [] (mirrors the FlexVar policy) - LsFrom never escapes the store (Mono.LambdaSetAnno stays LTop|LSet). Resolution is a one-pass DFS, visited keyed on raw pointKey and marked ON ENTRY (insert-after-descend loops on cycles), fresh per read, exact on cycles (union-over-reachables IS the least fixpoint: a visited hit contributes nothing, every SCC node's members are collected at that node, top short-circuits) - resolved values are NOT written back - later reads re-pull because sources may have grown. VARIANCE IS LOAD-BEARING: the directed walk flowArrowSets installs dst-includes-src only along FunL/Fun1 RESULT spines, FLIPS operands at ARG positions (contravariance - the double flip in nested arg positions is correctly covariant), and DEGRADES whole container subtrees (App1/Record1/Tuple1) to the symmetric join (per-parameter variance unknown - symmetric is the sound over-approximation - flowDegraded counts set-capable degrades). A directed walk that recursed arg positions covariantly would install wrong-direction edges and UNDER-approximate - the miscompile class - any new directed call site must re-argue variance. Defensive arms fail toward TOP, never toward skip/empty (dropping an edge under-approximates - the needSlow precedent defers to a SOUND slow path, ours writes top). The signature encoding is promote-or-internalize (the paper's Fig. 7 at the id level): zonkSigGo classifies each reachable node as another signature ordinal (PROMOTED into ArrowFact.sources, not descended - the caller-side edge delivers its members) or a non-signature slot (INTERNALIZED into members) - applyFactsGo installs slots[i] includes slots[j] per source ordinal as deferred edges, sound despite preceding arg unification BECAUSE resolution is deferred (the eager/snapshot FromArrow variant remains banned). Flipped sites: If/Case hub branch joins (branch INTO hub - the depollution: params keep their own singletons while the hub resolves the honest union, removing Run X's symmetric pollution), local-callee arg and result joins, kernel PSFTunnels under the selector. Kept symmetric: member-root, walkFunction result, Let/Def rhs, Let/TailDef result, joinLetUse (union-over-uses stays the let channel's v1 policy). Honesty rule unchanged: hubs publish only when every branch is honest - directedness fixes pollution, not blindness. Census: sigStats.edgesInstalled/flowDegraded, report-gated, on the sigflow: line AMENDED 2026-08-24: directed LsFrom flow was scheduled to retire with the arrow-identity work (plans/lss-unknown-elimination.md SS4.8 item 5), and it does NOT - item 5 is the terminal consumer of #6/#8/#9/#10, all of which need Phase 2b. It stays. Record for whoever revisits it: it was the right idea in a representation that could not carry it.;System/TypeCheck/IO.elm LambdaSet + Compiler/Type/Unify.elm LsFrom join arms + Compiler/MonoSolver/Store.elm addSlotSource/resolveSlotMembers/zonkSetSlot + Compiler/MonoSolver/LssInfer.elm flowArrowSets/sigResolveEdges/applyFactsGo + tests: compiler/tests/TestLogic/Monomorphize/LssDirectedFlowTest.elm + LssSigFlowTest.elm (depollution pin) + plans/lss-directed-set-flow.md
LSS_024;Monomorphization;LambdaSets;tested;Layout-qualified lambda-instance members + the AbiCloning fingerprint fence (plans/lss-layout-qualified-members.md): under lss.layoutQualMembers (env ECO_MONO_LSS_LAYOUT_QUAL, hash token lssLQ= when non-default; DEFAULT-ON since 2026-08-21 — the §6.4a flip, on runtime-calls Run AC 100.8% gap recovery + lss-opt Run AD wall-FLAT/majors-identical, full battery + Stage-4b/8c bootstrap fixed points green; the flip's recorded artifact delta is the four bodyMismatch-fenced Dict.map groups, and the §7.2 Borrow obligation landed WITH the flip — see the BORROW_006 amendment), a keyed-routed lambda mint qualifies by the enclosing spec's IMMUTABLE annotation-widened creation key — l|<raw>|<widenedKey>, widenedKey = toComparableMonoType(widenSets keyType), captured WRITE-ONCE at spec creation (enqueueSpecKeyed BOTH budget arms + seedSpec, so budget-widened and annotation-created twins of one global land EQUAL keys and their lambdas share) — so same-layout annotation-only spec splits mint ONE member id and consumer slots re-become singletons, while layout-differing specs stay distinct; a mint whose spec has no captured key falls back to TODAY'S SpecId qualification (censused layoutQual.fallback, expected 0; fallback-vs-widened collisions impossible — every widened key starts with a letter code, a bare-integer SpecId suffix never equals one); the LSS_018 mu-tie takes the plain-mint path on equal ids (layoutQual.tieBypass); AND AbiCloning representative stamps additionally require FINGERPRINT UNANIMITY across the layout group — fp = verbatim serialization of the closure header+body with regions OMITTED and own lambdaIds positionally numbered, annotations/member ids/SpecId references/CallInfo/deciders VERBATIM, computed lazily on distinct-lambdaId joins while the group's stamp is live, declining bodyMismatch otherwise — so the singleton=>unique-behavioral-instance premise is discharged by verbatim-clone fingerprint equality, never by id inequality alone (the E11 same-layout divergent-clone class DECLINES). The fence is FLAG-GATED (active only under lss.layoutQualMembers) by MEASURED decision: the plan's draft assumed flag-off multi groups are verbatim, but the §4.5 byte-identity gate found exactly FOUR non-verbatim multi groups stamped at HEAD — Dict.map local-multi twins differing only by a sibling qualified-member id (A[34133] vs A[34134]) or by capture-annotation PRECISION (A[18467] vs LTop) — so flag-off keeps HEAD's exact behavior (byte-identical, those four stamps included) and the four become bodyMismatch declines at any default flip (recorded flip-time delta; the sibling-id congruence that could re-admit them is the plan's parked v2). Local names in fingerprints compare POSITIONALLY (first-encounter order) because MonoInlineSimplify freshens let-bound names in verbatim copies — name-verbatim fingerprints false-mismatched 163 stamps;Compiler/MonoSolver/Engine.elm lambdaMemberLayoutQualified/layoutQualKey/recordSpecWidenedKey + Compiler/MonoSolver/Monomorphize.elm seedSpec + Compiler/GlobalOpt/AbiCloning.elm fpOf/joinGroup/resolveInGroups + tests: compiler/tests/TestLogic/Monomorphize/LayoutQualTest.elm + AbiCloningFenceTest.elm + test/elm/src/LssLayoutQualMemberTest.elm + plans/lss-layout-qualified-members.md
LSS_025;GlobalOpt;LambdaSets;tested;Post-settle fn-global/ctor devirt (plans/lss-post-settle-fn-global-devirt.md, E9.5; flag lss.postSettleDevirt, env ECO_MONO_LSS_DEVIRT_POST, hash token lssDP= when non-default, DEFAULT-ON since 2026-08-22 - user-directed flip the same day as the landing battery, taken WITHOUT a separate bootstrap run by explicit commissioning decision; the battery itself was green incl. Stage-4b JS fixed point, E2E both arms, byte-identity and determinism, and ECO_MONO_LSS_DEVIRT_POST=0 is the escape hatch): at AbiCloning's noInstance arm a call site whose callee head annotation is a singleton {m} with m an OriginGlobal/OriginCtor standalone member may be rewritten to a DIRECT MonoCall of a spec of the target ONLY when ALL of - callee is a plain MonoVarLocal (var read is effect-and-bottom-free, LSS_015's clause); argCount EXACTLY equals the callee MonoType's arrow arity (standalone members live on the HEAD arrow only - unconditionally since lss.spineArity was DELETED 2026-09-17 (plans/remove-default-off-lss-flags.md), where it was a dormant default-off flag - so exact saturation proves the runtime value is the ZERO-CAPTURE bare global/ctor); the chosen spec is UNIQUE: exactly one registry spec of the target equals the site's callee MonoType (set annotation included), or failing that exactly one eqLayout-matches it; two or more layout matches with no unique exact one DECLINE as devirtPost.ambiguous. AMENDED 2026-09-10 from 'the MINIMUM SpecId among eqLayout matches' - that rule MISCOMPILED test/elm/src/CombinatorRefIdentityBugTest.elm (/work/combinator-uf-devirt-error.md): same-layout specs of one global are routed under DIFFERENT lambda-set keys and MonoInlineSimplify inlines each key's callback into its own body, so they are not interchangeable and LSS_005 does not cover the choice (Prune nulls dead reverseMapping entries so only live specs are offered). Soundness rests on the zero-capture argument - the E11 representative-hijack class requires a capture record read by a body it was not built for and cannot arise capture-free - plus LSS_005 for spec choice among same-layout candidates. PREMISE the licence leans on: NO inline pass runs after AbiCloning (MonoInlineSimplify precedes GlobalOpt); any future post-GlobalOpt inliner must re-open the kernel-alias (CGEN_038) argument before keeping this rewrite. k| kernels are excluded (need ABI derivation + the E9.2 guards - E10's arm); l| lambdas are excluded (capturing values, undevirtable without the missing instance);compiler/tests/TestLogic/Monomorphize/PostSettleDevirtTest.elm + Compiler/GlobalOpt/AbiCloning.elm postSettleTarget
TYPE_KERNEL_001;TypeCheck;KernelTypes;tested;Kernel intrinsic annotations (plans/kernel-intrinsic-annotations.md): an Elm.Kernel.*/Eco.Kernel.* reference generates NO constraint by default (Can.VarKernel -> CTrue, Type/Constrain/Typed/Expression.elm), so a kernel is typed entirely by its context and one used INLINE rather than through an eta-free aliasing def is bounded by NOTHING - List.toArray behaves as alpha -> beta with the two sides never equated. A row in Compiler.Type.KernelIntrinsics supplies the missing annotation and the arm emits CForeign instead, instantiated fresh per occurrence by srcTypeToVariable and unified with the context exactly as a foreign function's is; absent a row the behaviour is unchanged, so the table is strictly opt-in per kernel. THREE RULES GOVERN A ROW. (1) The annotation is a REPRESENTATION claim, not documentation - solved types feed KernelAbi derivation and mono spec keys - and where the upstream JS type disagrees with the eco C++ the C++ WINS: List.fromArray/toArray are annotated List a -> List a, NOT the JS Array a -> List a, because in eco they are pass-throughs over cons lists (StringOps::split builds alloc::cons chains) and the JS type would make String.split's intermediate statically a four-field Array custom while dynamically a cons list. (2) It is FAIL-STOP, the inverse of a KernelSetFacts license: a wrong annotation is a TYPE ERROR in package code and the typechecker sees DEAD code too - elm/bytes 1.0.8's dead unexposed write helper calls Bytes.write_* JS-style against a C++ that builds 1-2-arg Encoder nodes, so that family is unannotatable without patching vendored source - hence every row carries useSites enumerating and verifying EVERY syntactic occurrence in every installed package (a closed set: kernel syntax is legal only in kernel-package source, Pkg.isKernel). (3) The key includes the PREFIX, unlike KernelSetFacts's (home,name) which genuinely collides on File.size - a license tolerates one row for both, an annotation cannot because the two types differ. Rows carry files pinned by sha256 in kernel-license-manifest.txt (the checker harvests this table alongside KernelSetFacts.elm). COMPOSES WITH LSS_022 IN BOTH DIRECTIONS: occurrence verification refuses licenses it cannot check and intrinsics supply the missing facts. Measured 2026-08-20 - (a) annotating fromArray/toArray/addEntry unblocked Inert license rows on the NEIGHBOURING kernels (String.split/join, Json.emptyArray) whose unsolved occurrence types had been failing isInertType, moving 4 and 2 boundaries from byKernel to kernelLicensed; (b) with occurrences solved, fromArray/toArray became licensable at TransportsAs (List a -> List a) - taking that probe's byKernel from 6 to 2, equal to its control - and KernelSetFacts.sameType's variable rule was tightened from any-TVar-equals-any-TVar to IDENTITY, which is what makes a repeated-variable shape claim load-bearing rather than vacuous. A TransportsAs shape for an annotated kernel is pinned equal to its annotation by KernelSetFacts.shapeOfAnnotation + KernelLicenseTest, since the two tables live in different subsystems and would otherwise drift into a license that silently stops applying. Footgun: srcTypeToVariable maps annotation vars BY NAME, so a var named number/comparable/appendable silently becomes a FlexSuper;Compiler/Type/KernelIntrinsics.elm + Compiler/Type/Constrain/Typed/Expression.elm VarKernel arm + tests: compiler/tests/TestLogic/Type/KernelIntrinsicsTest.elm + plans/kernel-intrinsic-annotations.md
HEAP_036;Runtime_Heap;PermanentSpace;enforced;CAF permanent space (plans/caf-permanent-space.md - runtime env ECO_CAF_PERMANENT=1 default-off): a VA reservation OUTSIDE [heap_base heap_base+heap_reserved) but below HPOINTER_ADDRESS_LIMIT holding deep copies of memoized CAF values made by eco_caf_promote on the memo-guard miss path. Contents are IMMUTABLE and CLOSED under references (permanent objects may point only at other permanent objects embedded constants or non-heap statics - guaranteed by transitive copy; two-phase: any unsupported tag DECLINES before allocating and the slot stays rooted). The GC never touches permanent objects: markHPointer/pushMarkRoot bail via isInHeap/contains bounds checks; NurserySpace::evacuate returns early on non-heap addresses (former hard bounds asserts demoted to a permanent-aware ECO_HEAP_VALIDATE tripwire); evacuateJitPtr already skips foreign pointers; Allocator::wrap and resolve validate against heap-or-permanent. CAF slots are NEVER pre-registered as GC roots (createGlobalRootInitFunction skips __eco_caf$ globals); eco_caf_promote is the SOLE registration point and roots a slot exactly when its stored value stays heap-resident (declined promotion or ECO_CAF_PERMANENT=0) - promoted/constant/non-heap values need no root ever. Interned string literals and zero-capture closure0s are born IN the permanent space (allocInternObject; closed by construction - pointer-free leaves / zeroed value slots) and their intern-table slots root only on the old-gen fallback path. Declined tags: Tag_Process (mutable) Tag_Free Tag_Forward and any unknown tag. eco_caf_promote is gc-leaf: no managed-heap allocation no Elm callbacks no GC triggers;runtime/src/allocator/PermanentSpace.cpp|runtime/src/codegen/Passes/EcoToLLVMGlobals.cpp installCafMemoGuard|CGEN_068|HEAP_035

HEAP_037;Runtime_Heap;ChunkedLists;enforced;Hybrid chunked-list spines (plans/chunked-list-representation.md, flag list.chunks DEFAULT-ON since Aug 3 2026 — quiet-window verdict: wall parity, lower minor-GC time and RSS, -4.28% objects; ECO_LIST_CHUNKS=0 / JSON list.chunks=false restores the pre-chunk pipeline byte-for-byte): Tag_ConsChunk views {backing,offset,len,next} over Tag_ListBacking dense arrays are ADDITIONAL spine node forms alongside Cons cells; `::` always allocates a Cons cell, only bulk builders produce chunks, and spines mix freely. len is the TOTAL logical length (len == run + logicalLen(next), telescoping over chains). v1 chunks are IMMUTABLE once observable (backing hd == 0 always; no slack fill, no in-place mutation). A backing's element kind is uniform (header.unboxed 2-bit kind); GC scans boxed-kind backings over [0,size) (slots zero-initialized at allocation so mid-construction scans see nulls) and never scans scalar-kind backings; views scan backing+next;runtime/src/allocator/Heap.hpp|HeapHelpers.hpp|NurserySpace.cpp|OldGenSpace.cpp|PermanentSpace.cpp|REP_HEAP_002
HEAP_038;Runtime_Heap;ChunkedLists;enforced;Nursery-born backing invariant: every ListBacking allocated by the chunk producers (alloc::listFromUnboxables, alloc::listChunkChain, kernel reverse/append/concat, eco_scratch_finish) is strictly below large_object_threshold, so backings are ALWAYS nursery-born; over-cap batches are split by listChunkChain into ceil(n/listBackingMaxElems()) chained backings, never one large backing. Rationale: eco has no write barrier - an over-LOT backing lands directly in pinned old gen and filling it with nursery element pointers creates unrecorded old-to-young edges that minor GC never rescans (bisected: fromPointerRaw assert on the 77K-element bytecode-writer reverse). Construction discipline: ALL chain allocations complete before any fill, sources stay rooted across construction, and fills are allocation-free (ListChainWriter/ListChainReverseWriter cache raw pointers legally only under this rule);HeapHelpers.hpp listChunkChain|ListOps.cpp|RuntimeExports.cpp|HEAP_034|HEAP_037
HEAP_039;Runtime_Heap;ChunkedLists;enforced;Chunk boundaries are not list identity: eq/compare/toString/pattern matching/ports/JSON observe only the LOGICAL element sequence - cells, single chunks, and chains with any backing split are interchangeable and must compare/print/serialize identically. Chunk production is gated at runtime solely by eco_g_list_chunks, set only by eco_enable_list_chunks() which EcoToLLVM injects into @main entry for modules compiled with list.chunks - kernels therefore produce chunks exactly when compiled projections are chunk-aware;elm-kernel-cpp Utils.cpp|ListOps.cpp|StringOps.cpp|RuntimeExports.cpp print paths|HEAP_037
HEAP_040;Runtime_Heap;ListScratchStack;enforced;The list scratch stack (eco_scratch_mark/push_boxed/push_scalar/finish, RuntimeExports.cpp) holds {bits,kind} entries whose boxed entries are GC ROOTS via an external root scanner (evacuated in place at minor-GC phase 1d), so code may allocate freely between pushes; mark/finish follow strict stack discipline (finish pops to its mark; nested accumulations balance because inner loops finish before outer loops push again - guaranteed by construction since only EcoListTemplate emits these calls - which as of CGEN_078 includes its eco.list.map expansion, still inside that one file). eco_scratch_mark and the pushes never GC-allocate and are marked gc-leaf in EcoBackend; eco_scratch_finish and eco_scratch_finish_fwd allocate (chunk chain or cells) and statepoint normally; both are CGEN_072(a) poison, so a function containing one is never stamped gc-leaf - only the loop BODY between the mark and the finish can go statepoint-free. CAVEAT: old-gen compaction (CompactionPhase) currently has NO production caller; if it is ever wired up, an external-scanner root fixup pass MUST be added before freeEvacuatedBuffers or scratch/Scheduler roots dangle;RuntimeExports.cpp|RootSet.hpp|NurserySpace.cpp phase 1d|EcoBackend.cpp|HEAP_037
HEAP_041;Runtime_Heap;EnsureNurseryHeadroom;enforced;eco_ensure_nursery_slow(n) (plans/capacity-check-hoisting.md) establishes bump_.end - bump_.ptr >= n for the calling thread WITHOUT allocating. Under HEAP_042's contiguous from-space, ensureHeadroom is a single comparison and a miss against the clamped end has exactly one meaning - the proactive-GC threshold tripped, or (under computeAllocEnd's already-full fail-soft) the extent is exhausted - so there is no block advance and no clamp-vs-exhaustion disambiguator to get wrong. Sequence: one minor GC, then the fail-soft unclamp to the full from-space extent (the tiny-config corner where threshold_total_bytes_ < n; unreachable at default config), then abort (HEAP_017). The SAME fail-soft rung is required in the three nursery allocation paths (ThreadLocalHeap::allocate / allocateSlow / allocateSlowRaw): a byte-exact clamp can leave less room below the threshold than the request needs, and collecting again cannot help because no allocation has happened since. n is a compile-time constant, 8-aligned, in (0,4096]. The guarantee is against the CLAMPED end, so the proactive trigger is fronted by <= n bytes; it is VOID after any statepoint or any headroom-consuming leaf call. This is the SECOND exception to HEAP_011's may-trigger rule: unchecked bumps cannot GC, GC is confined to the run's ensure edge (the first exception is HEAP_034's per-construct diamond). Headroom is defined as 0 when bump_.end < bump_.ptr: ensureHeadroom compares ordered integers (end >= ptr && end - ptr >= n) and must never compute size_t(end - ptr) unguarded, which underflows to a huge value and would let a covered run bump unchecked past the extent; a clamp below the bump pointer therefore means "must collect", the prerequisite for any future asynchronous safepoint doorbell (plans/threaded-gc-00-measure-and-fix.md Step 1, design_docs/parallel-gc.md §3.2);NurserySpace.cpp|ThreadLocalHeap.cpp|RuntimeExports.cpp|HEAP_034|HEAP_011|HEAP_017|CGEN_074
HEAP_042;Runtime_Heap;ContiguousNursery;enforced;Each NurserySpace semi-space is a SINGLE CONTIGUOUS EXTENT [base, base+capacity): the logical prefix of a fixed-size slice of the low or high nursery region, both slices at the same slot index (plans/contiguous-nursery-space.md M1). Slice geometry is min(nursery_max_block_count/2 * alloc_buffer_size, region per side) rounded down to an alloc_buffer_size multiple - CLAMPED to the region so a small heap gets one usable slot rather than a startup fatal - and is rebuilt by Allocator::rebuildNurserySliceTable at initialize() and reset(). capacity is ONE value per NurserySlicePair, so the two semi-spaces are equal by construction; it is quantized to alloc_buffer_size, bounded by min(slice size, the config's per-side max), and is the ONLY quantity GC semantics (membership bounds, threshold, growth, validators) may consult. A slot's physical retained_commit is allocator-private, monotone, per side, MAY exceed the current owner's capacity (dormant pages), is never re-commitAt'd (a MAP_FIXED re-map would discard the pages), is kept across releaseNurserySlicePair for Issue-#40 respawn reuse, and is DROPPED wholesale by Allocator::reset (slot bases move when alloc_buffer_size or the block caps change, so a stale record would skip committing pages that were never mapped at the new base). Consequences that are load-bearing: bump_.end = min(extent end, proactive-threshold trip) via computeAllocEnd with the already-full fail-soft, so a bump miss ALWAYS means minor GC - there is no block advance, no object that cannot straddle an interior boundary, and no abandoned tail gap; growth extends both extents in place (or neither) and MUST re-derive the cached membership bounds before the next GC decision, or objects in the grown region are treated as non-nursery and never evacuated; to-space evacuation is a pure bump, so the Cheney scan is scan_ptr_ < copy_ptr_, clearToSpaceFreeRegion is one memset, and the ECO_HEAP_VALIDATE pre-evacuation walk covers the ENTIRE allocated prefix instead of the current block only. Slot exhaustion is a loud fatal naming the sizing knobs threaded-gc-06 (HEAP_067/HEAP_068): during a parallel minor the to-space top is an atomic claimed by per-worker LABs, and the survivor prefix is then objects and Tag_Free fillers. threaded-gc-07 (HEAP_069): with nursery_regions = 1 a heap owns a region slice set instead of a pair: n extents (4, or 5 with eden flip) of ONE capacity, contiguous in its slot block at a power-of-two stride X (Allocator::acquire/grow/releaseNurserySliceSet, retained commit per extent). Growth extends all n or none, and contains() covers the whole slot block.;NurserySpace.hpp|NurserySpace.cpp|Allocator.cpp|AllocatorCommon.hpp|HEAP_034|HEAP_041|HEAP_007|HEAP_043
HEAP_043;Runtime_Heap;AddressSpaceDivision;enforced;The old-gen/nursery address split is CONFIGURATION, not a constant (plans/contiguous-nursery-space.md M2): nursery_offset = max_heap_size - HeapConfig::nurseryRegionBytes(), computed once at the first Allocator::initialize (first init wins for the process lifetime - reset() re-derives slice geometry but never the region). nursery_region_bytes = 0 selects the default policy min(DEFAULT_NURSERY_REGION_BYTES, max_heap_size/2), which is 4 GiB of the 24 GiB default reservation (old-gen cap 20 GiB) and degrades to the legacy half split on heaps below 8 GiB so small test configs are unaffected. Rationale: a nursery is capped at nursery_max_block_count * alloc_buffer_size per heap (512 MiB at defaults - measured to be exactly what a self-compile uses) while the old-gen cap is a hard wall on a never-rewinding commit bump; the 50/50 split gave the nursery ~24x more address space than one heap can use. EVERY old-gen cap consumer must route through Allocator::getOldGenMaxBytes(), which returns min(nursery_offset, config-derived cap) so a reset() that shrinks max_heap_size scales the cap with it; in particular OldGenSpace::committedToCapRatio must NOT re-derive a cap from config max_heap_size/2 (that stopped being the cap and diverged after any reset, mispricing the sweep-budget pressure steps). validate() enforces unconditionally that the initial per-side nursery fits one slice, and for an explicit nursery_region_bytes: a multiple of 2*alloc_buffer_size, >= nursery_max_block_count*alloc_buffer_size (one unclamped slot per side), <= max_heap_size/2 (the old gen never gets less than half);Allocator.cpp|Allocator.hpp|OldGenSpace.cpp|AllocatorCommon.hpp|HeapConfigJson.cpp|HEAP_042
CGEN_070;MLIR_Codegen;ChunkedLists;enforced;Chunk-aware lowering is gated on the eco.list_chunks func attr (stamped on @main by Generate.MLIR.Functions when config list.chunks; survives text AND bytecode; hash token lchunks=1 keys the artifact cache): EcoToLLVM pre-scans for it, lowers value-typed list head/tail to __eco_list_head_inline/__eco_list_tail_inline markers expanded pre-RS4GC (EcoBackend) into cell-fast/chunk-slow diamonds (head slow path gc-leaf; TAIL ON A CHUNK VIEW IS AN ALLOCATION SITE - eco_list_tail_hybrid materializes the successor view and must statepoint), extends the P2.5 get_tag diamond with the Tag_ConsChunk arm, and injects the eco_enable_list_chunks() call at @main entry. Without the attr every one of these paths is byte-identical to the pre-chunk pipeline (flag-off inertness gate);EcoToLLVM.cpp|EcoToLLVMHeap.cpp|EcoBackend.cpp|Compiler.Generate.MLIR.Functions|HEAP_037|CGEN_012
CGEN_071;MLIR_Codegen;ChunkedLists;enforced;Tier-B capture contract (list.chunks only): (a) Generate.MLIR.Functions listChunksShunt rewrites capture-free elm/core List reverse/append/concat/take spec bodies (registry-origin + Pkg.core guarded, exact arity, MonoTailFunc skipped) to saturated MonoVarKernel Elm_Kernel_List_* calls; correctness REQUIRES Builder.Generate.runInlineSimplifyPhase appending those names to inline.blacklist when list.chunks is on, and MonoInlineSimplify treating blacklisted globals as full non-candidates (not merely whitelist-filtered) - otherwise threshold inlining pastes the delegate bodies at call sites and the shunts rewrite dead specs. (b) The EcoListTemplate pass (post-EcoControlFlowToSCF, attr-gated) rewrites scf.while cons-accumulator iter-args - links are eco.construct.list OR direct Elm_Kernel_List_cons{,_Int,_Float,_Char} calls, chains may cross scf.if/scf.index_switch/eco.case region yields, joinpoint-normalized result slots are matched with done-flag correlation (a placeholder constant at the result slot is acceptable ONLY on an arm whose done yield is literally false) - into eco_scratch_push per element plus one eco_scratch_finish after the loop, leaving loop bodies (LSS-inlined lambdas) untouched;Compiler.Generate.MLIR.Functions|Builder.Generate|Compiler.GlobalOpt.MonoInlineSimplify|runtime/src/codegen/Passes/EcoListTemplate.cpp|HEAP_040|CGEN_070
BORROW_001;GlobalOpt_Borrow;ResourceMinting;enforced;Borrow inference (design_docs/globalopt/borrow-inference-design.md - GlobalOpt Phase 6, plans/borrow-inference-phase2-intradef-analysis.md) mints a resource (ResVar) ONLY at a design-§7.2 heap position of a MonoType: MString, MList, MTuple, MRecord, MCustom (type-arg interior positions), MFunction (closure env), and MVar _ CEcoValue (erased eco.value, poisoned owned). The unboxed non-resources MInt, MFloat, MBool, MChar, MUnit carry NO ResVar and therefore can never be assigned an access mode, a lifetime, or (at B4) an RC op - True/False/Unit are embedded HPointer constants that are never heap-allocated (REP_CONSTANT_001, HEAP_010). Rty.freshRTy is the sole mint site (Compiler.GlobalOpt.Borrow.Rty); the census counts every minted resource as `resources`. MVar _ CNumber reaching Phase 6 is a compiler bug and is defensively treated as a scalar (no resource). Phase 2 ships reify=ROff (analysis/census oracle only, graph returned unchanged, byte-identical emitted MLIR); no RC ops are emitted until B4.;Compiler.GlobalOpt.Borrow.Rty|Compiler.GlobalOpt.Borrow.Constrain|Compiler.GlobalOpt.Borrow.Solve|Compiler.GlobalOpt.Borrow|REP_CONSTANT_001|HEAP_010
BORROW_006;GlobalOpt_Borrow;LssMeetCallSiteOnly;enforced;Borrow inference LSS handshake (design_docs/globalopt/borrow-inference-design.md §10, plans/borrow-inference-phase4-lss-handshake.md): when a call boundary's lambda set is a multi-member LSet, the per-member BorrowSigs are combined by `meet` (Compiler.GlobalOpt.Borrow.LssFacts.meetSig) — params any-owned-wins, result any-borrowed-wins — and the meet result is used ONLY at that call site to constrain the args. It is NEVER written back into any member's stored signature (the SigTable / lambdaSigsByMember entries are the per-member readback sigs, untouched by meet). This keeps meet non-monotone-safe (a call-site join cannot corrupt the fixpoint) and preserves LSS_009/LSS_017 (verbatim lambda instances remain interchangeable — their stored sigs are equal by construction; a meet over them is idempotent). AMENDED 2026-08-21 (LSS_024): "equal by construction" holds only in the LSS_017 id space — under lss.layoutQualMembers same-id instances can be behaviorally DIVERGENT (the E11 class), so buildLambdaSigs carries the SAME fence as AbiCloning: the representative's sig speaks for a member only when the member's instances are fingerprint-unanimous (AbiCloning.instanceFingerprint); a divergent member's STORED sig is the MEET over its per-instance sigs (censused lambdaSigMeets; a construction-time summary definition computed after the def fixpoint converges — NOT the forbidden call-site write-back). The fence is UNCONDITIONAL (Borrow has no byte-identity constraint; the bopt=1 artifact delta is a soundness fix); pins: compiler/tests/TestLogic/Monomorphize/BorrowFenceTest.elm (order-independence is the meet witness). Singleton LSet routes directly to the member sig (no meet). The whole handshake is inert under the subst engine (all arrows LTop, headAnno never LSet ⇒ every query returns Poison ⇒ Phase-3 all-owned boundary) and graph-inert under reify=ROff (census/oracle only). v1 scope: only lambda members (found in the instance index) route; standalone members (global/ctor/kernel/accessor via MonoGraph.lssMemberOrigins) resolve to PUnresolved pending v2.;Compiler.GlobalOpt.Borrow.LssFacts|Compiler.GlobalOpt.Borrow.Constrain|Compiler.GlobalOpt.Borrow|LSS_009|LSS_017|BORROW_005
CGEN_072;MLIR_Codegen;GcLeafPropagation;enforced;GC-free function propagation (plans/gc-free-function-propagation.md): a GENERATED function may carry gc-leaf-function ONLY when stamped by propagateGcFreeLeafAttrs, which runs once per module at the pre-RS4GC choke point in runEcoBackend - post-marker-expansion (get-tag, list-proj, list-cursor, inline-deref, expandInlineAllocs), post-$cap-prepass, pre-partitioning - so every RS4GC flavour (serial, deferred-after-opt, both split workers, single-partition inline) sees the attrs, which CloneModule and lazy deleteBody both preserve. (a) A function is stamped iff every call it can execute is accepted by llvm::callsGCLeafFunction (RS4GC's OWN per-call-site predicate, so the analysis cannot disagree with the pass) or targets another stamped defined function; poison propagates callee-to-caller to a fixed point and indirect calls, calls to non-gc-leaf declarations (every boxed eco_alloc_*, eco_alloc_inline_slow, eco_gc_alloc_region_slow, eco_list_tail_hybrid, eco_scratch_finish, eco_scratch_finish_fwd, dispatch helpers and every kernel extern EXCEPT the audited exception in clause (f)), interposable bodies and EH constructs are all poison. Do NOT reason by name prefix: the eco_alloc_*_fast / eco_init_*_at / eco_gc_alloc_region_fast family IS gc-leaf (null-on-miss, never collects). (b) Consequently no GC can begin while a stamped frame is on the stack, so calls to it need no statepoint and no relocation - the same contract the runtime gc-leaf helpers already rely on. (c) A stamped function that still contains a gc.statepoint after RS4GC is a HARD BUILD FAILURE (structural assert in runRS4GCAndMaybeFramePointers): RS4GC processes a body on hasGC() alone, so a callee's own gc-leaf attr does not stop it and the assert is a real check, not a vacuous one. (d) DELIBERATE EXCEPTION to the no-post-RS4GC-inlining rule: because calls to stamped functions stay plain calls, the post-RS4GC -O2 inliner can splice stamped bodies (including StripEcoCastBarriers-restored bare casts) into statepointed callers - sound because a stamped body holds no statepoint, so the inlined region lies strictly between the caller's statepoints whose relocations are already explicit SSA. (e) Gated by ECO_GCFREE_LEAF (DEFAULT-ON since 2026-08-09: unset/1 = stamp, 0 = off escape hatch, c = census only); flag-off lowering is byte-identical to the pre-propagation pipeline (verified: identical output executable) - flag-off inertness gate (f) kernel-opt-08 EXCEPTION: a kernel extern declaration MAY carry gc-leaf-function when, and only when, its KernelFacts row is gcLeafEligible (gcAlloc == GcNone AND NOT callsBackIntoElm, derived never stored). The fact travels compiler -> MLIR -> LLVM through exactly ONE channel: the front end stamps the UnitAttr eco.gc_leaf on the is_kernel func.func stub under config.kernelGcLeaf, and KernelFuncOpLowering reflects it onto the llvm.func via attachGcLeafPassthrough - on BOTH the fresh-decl path and the dedup early-exit, since the stub is the only carrier and is erased. There is no C++ name list anywhere and no second attribute. ECO_KERNEL_GCLEAF=0 makes the backend ignore the attr without recompiling the .mlir, which is the bisection switch for a suspected lying row; ECO_KERNEL_GCLEAF_EMIT is the independent front-end switch. gc-leaf remains the ONLY attribute such a declaration may carry pre-RS4GC (REP_LLVM_002) Once plan 02 stamps gc-leaf in MLIR, a covered function may also carry gc-leaf, every capacity-hoisting classifier tests eco-cap facts before gc-leaf (CGEN_074 R1). MLIR PRODUCER (plans/mlir-split-backend-02-gc-leaf-propagation.md, 2026-10-02): in stamp mode the stamps are produced by EcoGcFreePropagation, the LAST pass of buildEcoToLLVMPipeline (no body-changing pass may follow it), which classifies calls through the shared marker table's FINAL view (Passes/EcoMarkerFacts.h: cursor markers and scratch helpers leaf, list-tail and sat poison, alloc markers leaf only in an eco-cap-covered function, value-eq leaf iff the planned veq) plus eco-cap-covered from CGEN_074 (a non-covered caller of a covered callee holds an ensure and is poison), stamps passthrough gc-leaf-function on definitions, and records the module flag eco-gcfree-plan (v1, veq, cov). The LLVM fixpoint stays the producer only for modules without that flag (ECO_GCFREE_MLIR=0, census) and is otherwise the validate twin (ECO_GCFREE_VALIDATE=1: a defined callee is an edge before its stamp is read, MLIR-stamped but LLVM-poisoned is a hard error). At the old choke point the backend checks every declaration the expansions call against the table, then strips the flag. Every stamped definition is checked before RS4GC in every flavour (all calls callsGCLeafFunction, no interposable or available_externally linkage), independent of hasGC, and every gc-leaf declaration whose owner is defined in another partition must have a stamped owner (cross-partition join after the workers' RS4GC). Elm_Kernel_Utils_equal is stamped through clause (f)'s switch like every KernelFacts row, and the value-eq expansion stamps the declaration it creates when the planned veq holds. Scratch helpers stay name-stamped by runEcoBackend.;EcoBackend.cpp|Passes/EcoToLLVMRuntime.cpp|Passes/EcoPtrIntVerify.cpp|HEAP_034|HEAP_040|REP_LLVM_002|CGEN_070|CGEN_073
CGEN_073;MLIR_Codegen;SelectiveFramePointers;enforced;Selective frame pointers (plans/gc-free-function-propagation.md): DEFAULT-ON since 2026-08-09 (ECO_FP_LEAF=0 is the escape hatch), frame-pointer=all is stamped post-RS4GC ONLY on defined functions that contain a gc.statepoint or a call to eco_gc_push_stack_range; every other defined function omits it and releases rbp as an allocatable callee-saved register. (a) Sound because the GC stack walk is libunwind/CFI-driven (StackUnwind.cpp unw_step/unw_get_reg, consumed by ThreadLocalHeap collectStackRootsFromStackMap, which reads each stackmap location's dwarfRegNum through the cursor) and NEVER chases an rbp chain, and because a statepoint-free frame cannot be live during a collection - all of its calls are gc-leaf, so no GC can begin beneath it. (b) The eco_gc_push_stack_range clause is a WHOLE-BODY scan and deliberately over-approximates: it matches the shadow-root prologue AND the rooted arg/capture-array sites in EcoToLLVMClosures.cpp. Do NOT tighten it to an entry-block-only scan. (c) The stamp is load-bearing, not decorative: gc.statepoint lowering does NOT set MachineFrameInfo hasStackMap or hasPatchPoint (only the llvm.experimental.stackmap/patchpoint intrinsics do), so absent this attr LLVM would omit the frame pointer even in statepointed functions. Per-function attrs are the ONLY frame-pointer channel - LLVM 21 TargetOptions has no frame-pointer field and createEcoTargetMachine sets none. (d) Flag-off, the blanket frame-pointer=all stamp on every non-declaration remains the default;EcoBackend.cpp|Passes/EcoToLLVMClosures.cpp|Passes/EcoToLLVMFunc.cpp|allocator/StackUnwind.cpp|allocator/ThreadLocalHeap.cpp|CGEN_072
CGEN_074;MLIR_Codegen;CapacityCheckHoisting;enforced;Capacity-check hoisting (plans/capacity-check-hoisting.md): DEFAULT-ON since 2026-08-09 (ECO_ALLOC_HOIST=0 is the escape hatch, =c is census; requires gcfree stamp mode, which is also default-on - loudly inactive only if gcfree was explicitly disabled while hoisting was explicitly asked for) applyCapacityHoisting runs between expandInlineDerefs and expandInlineAllocs and may (a) expand __eco_alloc_inline markers to UNCHECKED bumps inside covered functions and instrumented straight-line runs, and (b) emit one ensure diamond (fast: bump-state compare against the CLAMPED end; cold: statepointed eco_ensure_nursery_slow(runBytes)) before each run. Coverability: eligible = defined AND non-interposable AND NOT hasAddressTaken AND hasLocalLinkage (by-name external callers - eco_entry.cpp/JIT lookups - are invisible to hasAddressTaken); budget fixpoint = own non-cycle marker bytes + eligible-callee budgets, where a call to a NON-eligible defined callee contributes 0 iff its budget is 0 (it will be stamped GC-free by CGEN_072) and TOP otherwise - budgets NEVER propagate through non-eligible allocating callees (a covered caller of one would hold a statepoint-capable call, voiding the guarantee); indirect calls, non-leaf declarations, EH, interposable bodies, CFG-cycle markers, allocating call-graph cycles, and budgets > ECO_ALLOC_HOIST_MAX_BYTES (<= 4096) are all TOP. A run is voided by any statepoint-capable instruction OR any headroom-consuming leaf call (eco_gc_alloc_region_fast / eco_alloc_*_fast - gc-leaf does NOT imply bump-state-transparent); M2 folding of the root's OWN markers is separately switchable via ECO_ALLOC_HOIST_M2=0. In-pass hard asserts: every run re-walked head-to-tail for a guarantee-voiding call, every direct call edge into a covered function is guaranteed, every non-leaf callee of a covered function is itself covered or provably zero-budget, coveredFns and run-instrumented functions are disjoint, no breaker-list call inside a covered region, and expandInlineAllocs cross-checks the unchecked-marker count. Covered functions become statepoint-free and are stamped by CGEN_072's fixpoint, inheriting its structural assert PLAN-GIVEN MODE (plans/mlir-split-backend-01-cap-hoist-plan.md, 2026-10-02): when hoisting and gcfree are on, Phases A-C (local scan, budget fixpoint, coverage) are computed on the final llvm-dialect MLIR by EcoCapHoistPlan (the last pass of buildEcoToLLVMPipeline) with the shared core Passes/EcoCapHoistCore and the marker table Passes/EcoMarkerFacts.h, and travel as passthrough string attributes on every defined function (eco-cap-budget=N or eco-cap-top, plus eco-cap-covered) and the module flag eco-cap-plan (v1, K, m2, cw, veq). Eligibility uses the driver's closed-world setting (executable, or --internalize-keep object) and must match EcoBackendJob::capClosedWorld. applyCapacityHoisting then never recomputes eligibility: it (i) refuses a stamp whose K/m2/cw/mode disagree with the backend, eco-cap attributes without a stamp, and gc-leaf declarations without eco-cap facts whose name is not a runtime/kernel/intrinsic/libm name, (ii) asserts the marker table against the expanded module (list-tail hybrid not leaf, list-head hybrid, resolve_fwd, scratch helpers leaf, Utils_equal leaf iff the stamp's veq), (iii) re-runs Phase A locally on every definition with the R1 classification order (a callee carrying eco-cap facts is a callee edge BEFORE any gc-leaf test, so a covered callee that is also gc-leaf can never be skipped) and verifies covered functions (no top reason, no unbounded or in-loop budgeted callee, own + callee budgets <= budget, == under ECO_CAPHOIST_VALIDATE, local linkage) and budget-0 functions (no top reason, no bytes), (iv) reads callee coverage/budgets from facts in Phase D (a non-covered generated callee is a breaker, R3), the D2 re-walk and 2.6(b), and checks 2.6(a) on covered DECLARATIONS too, (v) strips the attributes and flag after expandInlineAllocs. Compute mode (today's whole-module A-C) remains for modules without a stamp and refuses modules whose generated definitions are already gc-leaf (R2). ECO_CAPHOIST_VALIDATE=1 also runs compute-mode A-C and hard-errors on any per-function difference. Compute-mode Phase A is stamp-agnostic: a generated defined callee is an edge before gc-leaf is read, and the R2 refusal of stamped definitions applies to the transform only (the census accepts them). Every hoisting classifier reads a NON-DIRECT call (type-mismatched addressof) whose operand is a generated function as non-leaf (leafForAnalysis), because callsGCLeafFunction reads gc-leaf off the called operand and a GC-free function may still consume nursery headroom. In closed-world output local means a reached non-root definition, made Internal by EcoReachability in MLIR before the plan pass runs (CGEN_081), and address-taken is EcoSymbolGraph's edge kind (an addressof used other than as the callee of a same-typed indirect llvm.call), cross-checked against Function::hasAddressTaken under ECO_REACH_VALIDATE.;EcoBackend.cpp|RuntimeExports.cpp|NurserySpace.cpp|CGEN_072|HEAP_041|HEAP_034|REP_LLVM_001|REP_LLVM_002
CGEN_075;MLIR_Codegen;CompareLowering;enforced;Compare-to-Order lowering and the compare-case rewrite (plans/string-cmp-order-intrinsic-and-postmono-compare-rewrite.md): (a) the Order constructor tags are pinned LT=0 EQ=1 GT=2 on BOTH sides - the runtime constants in Utils.cpp and the compiler's declaration-order ctor ids for Basics.Order - and eco.*.cmp_order ops return one of the three pre-allocated Order singletons; (b) the eco.string.cmp3 and Elm_Kernel_Utils_cmp3 three-way compares return an UNCLAMPED sign int (a code-unit difference memcmp result or size difference) so consumers MUST test <0/==0/>0 and never against +/-1 and every extern definition MUST be declared int64_t so the int->int64_t widening is the C++ return conversion (an int-returning definition under an i64 declaration leaves the upper register bits undefined on SysV x86-64); (c) EcoCompareCaseRewrite rewrites a SINGLE-USE compare producer whose only use is the scrutinee of a 3-region ctor case whose tags are a permutation of [0 1 2] into ordered lt/gt tests with EQ as the final else - EQ-as-else is load-bearing because Float uses ORDERED OLT/OGT so NaN fails both tests and routes to EQ exactly as emitOrderSelect does and an OEQ second test would misroute NaN to GT; (d) the rewrite is tags-array-driven (region i handles tags[i]) never positional and bails on partial tag lists multi-use producers and aggregate-typed case results; (e) eco.string.cmp_order and eco.string.cmp3 carry [Pure] which is sound ONLY because Eco strings are immutable after construction - revisit before adding any mutable string form (f) kernel-opt-06 adds a SECOND front-end consumer of eco.string.cmp3: Utils.lt/le/gt/ge on [MString,MString] emit the cmp3 plus ONE signed test against 0 (eco.int.lt/le/gt/ge, lowered to arith slt/sle/sgt/sge). The sign is UNCLAMPED, so the test is always against 0 and NEVER against +/-1, and it must be SIGNED - an unsigned predicate reads -1 as a huge positive. Semantic equivalence holds because Utils::lt is literally cmp(a,b)<0 and eco_string_cmp3 reproduces cmp's null/empty answers (pa==pb->0, !pa->-1, !pb->1) before routing to the same StringOps::compare. Every other operand shape (lists, tuples, records, user comparables) keeps the boxed Elm_Kernel_Utils_{lt,le,gt,ge} call - whitelist discipline;EcoCompareCaseRewrite.cpp|EcoToLLVMArith.cpp|Ops.td|Utils.cpp|UtilsExports.cpp|Intrinsics.elm|CGEN_072
CGEN_076;MLIR_Codegen;ValueEqLowering;enforced;eco.value.eq (plans/kernel-opt-03-value-eq-fastpath.md) is the typed boxed-equality op and lowers ONLY through the declare-only marker __eco_value_eq, which expandValueEqFastPath (EcoBackend.cpp) expands before EVERY RewriteStatepointsForGC flavour and before propagateGcFreeLeafAttrs, then erases; no definition of the marker ever exists and no call to it may reach codegen (a surviving use is report_fatal_error, not a silent miscompile). The expansion is exactly three arms and must stay observationally identical to Elm_Kernel_Utils_equal: (1) word equality -> true, which never disagrees with the kernel because eqHelp's `if (a == b) return true` precedes its tag switch (pointer-equal closures included); (2) either operand word has ptr_ind (bit 2) set -> false, which is bit-for-bit equalRespectingConstants; (3) otherwise a call to Elm_Kernel_Utils_equal decoded by comparing against the True word 0x5. The ptrtoint and its or/and/icmp consumers MUST stay in one basic block (REP_LLVM_001(d), EcoPtrIntVerify). The op is [Pure, Commutative]; Pure is licensed by Eco heap values being immutable after construction AND by the tag-mismatch stderr trace having been deleted (kernel-opt-07) - re-introducing any observable effect on the equality path invalidates the trait. Elm_Kernel_Utils_equal's declaration carries gc-leaf-function and MUST NOT carry memory(*)/speculatable/willreturn: its signature takes !eco.value, so those are forbidden pre-RS4GC (REP_LLVM_002). notEqual is emission-side negation via eco.bool.not - there is deliberately no second op def. Emission is whitelist-disciplined: only MonoTypes whose ABI is unconditionally !eco.value (String/Unit/List/Tuple/Record/Custom) are admissible, MVar and MFunction are excluded, and the emitting site must additionally check the ACTUAL SSA operand types because aggregate promotion can pass a tuple as loose scalar slots;Ops.td|EcoBackend.cpp|Passes/EcoToLLVMArith.cpp|Intrinsics.elm|Patterns.elm|KernelFacts.elm|REP_LLVM_002|CGEN_072
CGEN_077;MLIR_Codegen;GCPrepareLeafPolicy;enforced;EcoGCPrepare policy for gc-leaf kernels and inline-eligible allocation runs (plans/kernel-opt-09-gcprepare-barrier-relaxation.md). (a) FACT CHANNEL: the per-callee cannot-GC fact reaches EcoGCPrepare ONLY as the call-local UnitAttr eco.callee_gc_leaf, stamped by the module pass EcoMarkGCLeafCalls (Passes/EcoMarkGCLeafCalls.cpp, scheduled in buildEcoToLLVMPipeline immediately before createEcoGCPreparePass) by copying eco.gc_leaf from the is_kernel func.func declaration per CGEN_072(f). It MUST be call-local and MUST NOT be recovered by a symbol lookup at the consumer: the mirror consumer EcoGCLivenessAudit is a NESTED func::FuncOp pass and cannot see sibling declarations, and the two must agree bit-for-bit or validator builds report false positives on correct IR. Indirect calls and musttail calls are never stamped. The pass honours CGEN_072's ECO_KERNEL_GCLEAF=0 so that switch stays whole. ECO_GCLEAF_MARK=0 is its own bisect handle and ECO_GCLEAF_MARK_REPORT=1 prints the decl/site counts. (b) SAFEPOINT RELAXATION: a stamped eco.call is NOT a call safepoint - isCallSafepoint returns false and no root operand list is attached - and EcoGCLivenessAudit skips it identically, both through the single predicate gcLeafSafepointRelaxed() in Passes/EcoGCLiveness.h. DEFAULT-ON. ECO_GCPREPARE_LEAF_SAFEPOINT=0 restores rooting. This is an MLIR-ANALYSIS-ONLY change and is DISJOINT from CGEN_072(f): the root operands are split off at lowering by splitAdaptedRoots and handed to emitSafepointMarker, which is a no-op, so removing them emits no different LLVM IR - the real statepoints, spills and stackmap entries come from RS4GC reading gc-leaf-function on the callee DECLARATION. Do not double-count the two as one saving. Sound at MLIR level because Liveness is constructed once per function BEFORE any root operand is appended, so dropping call X's roots cannot perturb call Y's computed set. Pinned by the byte-identity gate: the produced eco-compiler is identical with the flag on and off. (c) NO GROUPING OF INLINE-ELIGIBLE RUNS: a run of adjacent fixed-size allocations whose members EVERY ONE has a call-free HEAP_034 inline singleton lowering (scalar BoxOp, ListConstruct, Tuple2/Tuple3Construct, and Record/CustomConstruct at <= 4096 bytes - AllocateCtorOp and AllocateStringOp are excluded, they have no inline path) is NOT grouped - it is broken into singletons before root computation so each member lowers through the ordinary inline bump. Grouping such a run is a PESSIMIZATION, not an optimization, for TWO reasons and the second is the stronger one. (i) Call count: a group lowers to an out-of-line eco_gc_alloc_region_fast call plus one eco_init_*_at call per member (lowerOneAllocGroup / emitInitAtPtr), where the same ops lowered individually make no calls at all. (ii) Capacity-hoisting interaction: the check-once-then-bump-many property groups were built for is now supplied at a LARGER granularity by CGEN_074 capacity-check hoisting, which covers a whole straight-line run of __eco_alloc_inline markers with ONE ensure diamond and turns every bump in it into an UNCHECKED bump - and eco_gc_alloc_region_fast is on that pass's isHeadroomBreaker list (EcoBackend.cpp), so every group flushRun()s and fragments the run. Grouping is also strictly weaker in reach: it requires adjacency AND no intra-group SSA dependency (consumesGroupMemberResult), which the Phase-1 census found blocks 98.1% of adjacent runs because the common shape is nested construction, whereas hoisting has neither restriction. Measured on a 9-allocation function: grouped = 4 space checks and 4 statepoints (3 eco_gc_alloc_region_slow + 1 eco_alloc_inline_slow) and is insensitive to hoisting because the group path bypasses the marker mechanism entirely - split = 1 space check and 1 statepoint (eco_ensure_nursery_slow). eco_init_*_at is gc-leaf and is never statepointed. The one case where grouping still gives fewer checks is a region hoisting cannot cover (external linkage, address-taken, CFG cycle, run > 4096 bytes): there the split costs one check per object - unmeasured, and the reason the kill switch exists. A run with ANY non-inline-eligible member keeps today's grouping - whitelist discipline. DEFAULT-ON. ECO_GCPREPARE_SPLIT_INLINE_GROUPS=0 restores grouping - also inert when ECO_INLINE_ALLOC=0. Pinned by test/codegen/gc_group_split_inline.mlir, which checks BOTH directions and is the first fixture the allocation-group path has ever had. (d) The Phase-1 census (ECO_GCPREPARE_CENSUS=1, counters in EcoGCPrepare.cpp) is the sizing evidence for all of the above and killed this plan's original group-MERGING transform outright: 98.1% of merge windows are blocked by a real intra-group SSA dependency and mergeableLeaf was exactly 0, so no motion transform exists here to relax a barrier for. Its windows column counts CROSSABLE windows only - hardBarrier is structurally 0 by construction, not a finding EcoGcFreePropagation (CGEN_072's MLIR producer) never writes eco.callee_gc_leaf.;Passes/EcoMarkGCLeafCalls.cpp|Passes/EcoGCPrepare.cpp|Passes/EcoGCLiveness.h|Passes/EcoGCLivenessAudit.cpp|Passes/EcoToLLVMHeap.cpp|EcoPipeline.cpp|CGEN_072|KERNEL_FACTS_001|HEAP_034|REP_LLVM_002
CGEN_078;MLIR_Codegen;ChunkedLists;enforced;List.map forward template (plans/list-map-mlir-template.md; DEFAULT-OFF flag list.mapTemplate, env ECO_LIST_MAP_TEMPLATE, hash token lmapt=1, inert unless list.chunks is also on). (a) EMISSION LICENCE: Generate.MLIR.Functions replaces the WHOLE body of a List.map specialization with one eco.list.map op only when Compiler.GlobalOpt.MapTemplate licensed that SpecId. The licence is a proof obligation under policy D-4a (design_docs/debug-log-ordering-policy.md) - the template applies the callback left-to-right where foldr applies it right-to-left - and needs THREE components, the third of which CsePurity does not have: CsePurity.analyze's per-spec transitive Debug fixpoint, a per-closure-INSTANCE walk for inline lambdas (which have no spec id), and a HIGHER-ORDER POISON arm, because CsePurity.scanBody follows only MonoVarGlobal edges and treats a MonoCall through a MonoVarLocal as inert - so a captured Debug-wrapping function would be wrongly licensed by the first two alone. Blocked/unresolvable members, non-singleton or LTop lambda sets, and subst-engine graphs all decline. Declining is always sound: the spec keeps its foldr body. Correctness ALSO requires Builder.Generate.runInlineSimplifyPhase appending "List.map" to inline.blacklist when the flag is on (the CGEN_071(a) mechanism and for the same reason - the template rewrites spec DEFINITIONS, so a pasted foldr body would escape it); blacklisting is name-level and wholesale because entries are qualified source names and MonoInlineSimplify runs before the licensed set exists, so with the flag ON unlicensed map sites are behaviourally identical but not byte-identical, and byte-identity is certified FLAG-OFF only. (b) DEVIRTUALIZATION IS NOT RE-DERIVED: the callee symbol and capture row are read off the fastEvaluator/captureAbi stamp AbiCloning already placed on the f x call inside the map body, so every guard that pass makes (self-capture, args-array convention, non-representative instance) is inherited rather than replicated; captures are projected out of the closure parameter ONCE at emission and arrive as loop-invariant $captures operands, never re-extracted per element. (c) THE OP CARRIES NO $live_roots and does NOT implement Eco_GCRootCarrierOpInterface: EcoListTemplate consumes it BEFORE EcoGCPrepare runs, so root operands could never be populated; the post-expansion SCF form is rooted by the ordinary EcoGCPrepare/RS4GC path. It is deliberately NOT [Pure] - it allocates its observable result and a Pure allocating op is CSE-mergeable, which is the NaN-sharing hazard of CSE_001. (d) KIND DISCIPLINE: in_kind/out_kind are 2-bit slot kinds (REP_HEAP_002) derived SOLELY from SSA/mono types per REP_BOUNDARY_002/003, verifier-checked in 0..3; the head projection type, the push variant and the finish kind are all derived from those two attributes so they cannot disagree - the ListOps::take kind-collapse defect class is the named anti-pattern. List Bool is boxed (FORBID_CLOSURE_001); these are never a boolean is-boxed flag. (e) EXPANSION: EcoListTemplate (Phase 3, running before its own cons-accumulator rewriter) emits eco_scratch_mark, an scf.while cursor loop (get_tag==1 non-empty test - eco_get_tag normalizes BOTH Tag_Cons and Tag_ConsChunk to 1, so one test covers every hybrid spine form - typed head projection, callback, scratch push, tail projection) and one eco_scratch_finish_fwd(mark, Empty, out_kind). The loop shape is chosen to be EXACTLY what EcoListCursor recognizes, and that pickup is a HARD PRECONDITION rather than an optimization: eco_list_tail_hybrid is CGEN_072(a) poison, so without the (node,idx) rewrite the loop cannot go statepoint-free even for a gc-leaf callback. (f) KILL SWITCH ECO_LIST_MAP_EXPAND=0 collapses to a reverse-then-forward-cons TWO-loop shape, which reproduces foldr's certified right-to-left application order exactly, so the switch is usable on a licensed artifact without re-litigating D-4a; the deliberate double materialization is acceptable in a bisection-only arm. (g) The template never queries whether its callee got stamped gc-leaf - the statepoint-free property is a downstream CGEN_072 bonus and the expansion must be correct with stamping off;Ops.td|EcoOps.cpp|runtime/src/codegen/Passes/EcoListTemplate.cpp|Compiler.GlobalOpt.MapTemplate|Compiler.Generate.MLIR.Functions|Builder.Generate|HEAP_040|CGEN_070|CGEN_071|CGEN_072|CSE_001
KERNEL_FACTS_001;CrossPhase;KernelFacts;enforced;Compiler.GlobalOpt.KernelFacts (the (home,name)-keyed table that Borrow/KernelSigs.elm now shims) is the ONLY source of per-kernel semantic facts (call-time effect, GC-allocation class, HOF bit, borrow modes, CSE safety, totality) - no pass may hard-code a kernel effect judgement by name or module string. Keys are MONO names: the MonoVarKernel prefix (Elm/Eco) and the _Int/_Float/_Char ABI suffixes minted by KernelAbi.kernelInstanceSymbol never appear in a key, and a consumer holding only the emitted C symbol MUST go through KernelFacts.lookupSymbol/splitSymbol rather than re-implement the stripping. Consumers MUST read the derived helpers - record forms canTriggerGC/gcLeafEligible/droppable/hoistable, key forms gcLeafEligibleFor/droppableFor/hoistableFor which fold in the whitelist default False - and MUST NOT re-derive a derived fact from raw fields, because the raw defaults are the conservative end (EffObservableIO / GcUnbounded / cppAlloc / callsBackIntoElm / not cseSafe / MayDiverge) and a careless read must fail closed. A consumer may add further COMPUTED projections to the module but may not add a stored record field. Every row carries a mandatory C++ evidence anchor (repo-relative export-body file:line) and may only STRENGTHEN a fact (EffNone / GcNone / not-HOF / PBorrowed / cseSafe / Total) after an audit establishing no transitive reach to alloc::* / eco_alloc_* / eco_apply_closure* / IO from the export body; a row whose params list is empty declares its BORROW axis unaudited and the KernelSigs shim reports it as a lookup miss. Unknown or unlisted kernels keep each consumer's pre-table behaviour (isPureExpr False, borrow all-owned poison with its census counters, no gc-leaf attr, EcoGCPrepare safepoint+barrier, CafHoist home-string test). Backend reflection: rows with gcAlloc==GcNone && !callsBackIntoElm MAY carry gc-leaf-function on the kernel declaration, emitted as the SINGLE func.func attr eco.gc_leaf on the is_kernel stub (Generate/MLIR/Functions.elm) and consumed by KernelFuncOpLowering and by the module-level marker pass EcoMarkGCLeafCalls, which stamps eco.callee_gc_leaf on eco.call for EcoGCPrepare and EcoGCLivenessAudit per CGEN_077(a) - there is no second cannot-gc attribute; motion-enabling LLVM attrs (memory(*)/speculatable/willreturn/nounwind) on declarations whose signature carries !eco.value are FORBIDDEN until RS4GC has statepointed the containing module (REP_LLVM_002) and any post-RS4GC stamping lives inside runRS4GCAndMaybeFramePointers so all four RS4GC flavours preserve the ordering. Table changes require the KernelFacts elm-test suite (row validation + gc-leaf golden set + borrow-shim golden) green;KernelFacts.elm|Borrow/KernelSigs.elm|Generate/MLIR/Functions.elm|Generate/MLIR/Context.elm|Passes/EcoToLLVMFunc.cpp|CGEN_072|REP_LLVM_002|KERNEL_TASK_IO_001
OPT_DEBUG_ORDER_001;CrossPhase;ForbiddenAssumptions;enforced;Debug/bottom observable-ordering policy - full text design_docs/debug-log-ordering-policy.md. Any Elm-level pass that deletes duplicates merges or moves an expression must treat an expression transitively containing a Debug.* kernel reference as non-droppable non-mergeable and order-fixed. --optimize does NOT strip Debug on the MLIR path - checkForDebugUses (Builder/Generate.elm:259-266) is reached only from checkDebugAndGenerate (:195-198) under the JS prod entry (:188-192) and the native path Terminal/Make.elm:336/349/411/425 never calls it - so no pass may assume Debug absence. Debug.log lowers to eco.dbg (Generate/MLIR/Expr.elm:3921) and prints label: value into the captured program output stream via eco_dbg_print_typed. Bottom-selection latitude under --optimize permits keeping either of two crashing occurrences and the crash message may change. Pinned by test/elm/src/DebugLogOrderingTest.elm;Compiler.GlobalOpt.MonoInlineSimplify|Compiler.GlobalOpt.CafHoist|Compiler.GlobalOpt.CafDedupe
CSE_001;CrossPhase;MonoCse;enforced;Mono-level CSE (Compiler.GlobalOpt.MonoCse, kernel-opt-13, DEFAULT-OFF, ECO_CSE=1) may merge two occurrences of an expression only when ALL of: (a) PURITY - CsePurity.isSafeExpr accepts it, i.e. every kernel it names is KernelFacts cseSafe and every global callee is in the transitive observation-free set. Debug is unsafe by construction, which is how OPT_DEBUG_ORDER_001 D-2 is enforced here rather than by a separate test. (b) DISTANCE - at least one occurrence's path from the lowest common ancestor is entirely unconditional, so that occurrence is evaluated on every path reaching any other and binding at the LCA speculates nothing. A group whose suffix enters a closure body is excluded PERMANENTLY (different evaluation frequency), not deferred. (c) SCOPE - no free local of the candidate may be bound BELOW the LCA. This is a scope test, not a shadowing test: a local bound between the LCA and an occurrence is in scope at the occurrence but not at the binding site. The binder list must include MonoTailDef PARAMETERS as well as MonoLet and MonoDestruct names - omitting them hoists a candidate above its parameter's binder and produces lookupVar unbound-variable. (d) NON-OVERLAP - the let binds the ORIGINAL first-occurrence subtree verbatim, so no kept group's occurrence subtree may contain or be contained by another kept group's. (e) NOT function-typed (CGEN_069: a hoisted function-typed value invalidates the enclosing call's staged CallInfo) and containing no binder or closure. The pass MOVES the first occurrence and DELETES the duplicates - it never copies, so binder multiplicity strictly decreases and the inliner's freshenLetBoundNames hazard does not arise. It runs in Builder.Generate.runGlobalOptPhase AFTER globalOptimizeWithStats and BEFORE CafDedupe: it adds MonoLet bindings and annotateCallStaging is O(2^let-depth), so running it pre-annotation would re-arm that exponential. Any path encoding used to locate occurrences MUST give distinct decider leaves distinct keys - a Chain/FanOut tree whose Leaf Inline nodes share one step makes two occurrences collide, which both inflates the census and produces a MonoLet that does not dominate its uses. NaN-SHARING HAZARD (discovered 2026-08-13 via MLIR CSE, ContainerEquality*FloatTest): merging two evaluations of an expression whose runtime value can transitively contain a Float leaf is OBSERVABLE - the equality kernel's pointer-fast-path answers True on the shared object where the NaN-aware structural walk answers False - so before this pass is ever enabled it MUST additionally refuse candidates whose result type can reach a Float, and the same restriction applies to any future widening of the MLIR-level eco.cse_safe merge licence;Compiler.GlobalOpt.MonoCse|Compiler.GlobalOpt.CsePurity|Compiler.GlobalOpt.CseCensus|OPT_DEBUG_ORDER_001|CGEN_069|KERNEL_FACTS_001
HEAP_044;Runtime_Heap;NullConsEmbedding;enforced;Nullary-constructor embedding (plans/null-cons-hpointer-embedding.md). (a) ENCODING: a nullary constructor value is the 64-bit HPointer word (idx << NULL_CONS_SHIFT) | 0b111 - ptr_ind set, the 2-bit constant field == Const_NullCons (code 3, the previously unused code; False/True/Empty 0x4/0x5/0x6 are untouched), and the ctor's ZERO-BASED DECLARATION INDEX verbatim in null_cons_idx (bits [43,53), the field formerly named enum_idx). No type identity is stored and no remap table exists - tag extraction returns the 10 bits verbatim, exactly as the heap Custom.ctor field is union-blind. The ptr bits [3,42] are zero, so HEAP_028's pointer-is-address property is preserved and every ptr_ind != 0 predicate already classifies these words as non-pointers. Compose/decode ONLY through Heap.hpp's nullConsWordFor / isNullConsBits / nullConsTagBits (which go through hpFromBits - never manual bit surgery) and their codegen mirrors value_enc::encodeNullCons / NullConsShift / NullConsMax, cross-checked by static_asserts in EcoToLLVMHeap.cpp. (b) CAPACITY: 10 bits, full range 0..NULL_CONS_MAX (1023) usable; a nullary ctor whose declaration index exceeds it hard-crashes the compile at emission naming the constructor (Compiler.Data.CtorTag.checkNullConsCapacity), with the op verifier and the lowering's report_fatal_error as backstops. Bits [53,63] are 11 reserved padding bits directly above the field if it must ever widen; do NOT widen preemptively. (c) SINGLE REPRESENTATION - CORRECTNESS, NOT HYGIENE: after this change a nullary ctor value exists ONLY as its embedded word and a LIVE heap Tag_Custom with 0 fields is a bug. This is forced: resolveAndCompare (elm-kernel-cpp/src/core/Utils.cpp) and the eco.value.eq diamond (EcoBackend.cpp) both decide NOT-EQUAL by raw word inequality the moment either operand is embedded, so a heap-allocated copy would make equal values compare unequal - a silent miscompile. Enforced at four levels: the alloc::custom choke point (HeapHelpers.hpp) returns the embedded word for an empty field list, converting every kernel construction site at once (Order LT/EQ/GT, Bytes Endianness, Browser, Http rbEmpty, Json null/primitive decoders); debug asserts in eco_alloc_custom_fast/slow; the CGEN_079 op verifiers; and the ECO_HEAP_VALIDATE tripwires (NurserySpace pre-evacuation walk, OldGenSpace::markOneObject) that abort on a live 0-field Tag_Custom. Kernel consumers that formerly resolved such an object MUST read the ctor from the word instead (Bytes endiannessHPointerToBool, Json jsonValueCtor/decoderCtorOf/runDecoder). (d) RESERVED-TAG SET SHRINKS: Dict.RBEmpty_elm_builtin is nullary, so it reverts from the reserved 0xFFFE to its plain declaration index 1 (CtorTag.effective's RBEmpty arm is deleted) and the reserved set becomes {0xFFFF RBNode, 0xFFFD CONSTANT_TAG}. This is sound because RBEmpty's reservation was load-bearing only for heap-empty equality dispatch (isDictCtor), a case that CEASES TO EXIST once RBEmpty is embedded: dictEq's resolveCustom already maps an embedded constant to nullptr = empty subtree, and every walker that matters keys on RBNode's 0xFFFF, which has 5 fields and never meets this mechanism. The compiler and kernel sides must move together - a binary mixing conventions mis-dispatches every case on an empty Dict. (e) GC: NO collector logic change - null-cons words are classified by the existing ptr_ind != 0 / isConstantBits predicates at every root and slot walk and are never dereferenced, marked, copied or promoted; CAF-slot marking (HEAP_035) and the permanent-space copier skip them by the same predicate. Only ENCODE/DECODE VALIDATORS needed fixing: both kernels' Export::toPtr constant-path condition drops its null_cons_idx == 0 conjunct (the POINTER-path assert keeps it - real pointers still zero the field), and alloc::isBoolConst must exclude constant codes 2 AND 3 (bit 1 set), not just Const_Empty, or a null-cons word reads as True. (f) Golden words pinned at runtime by test/allocator/HPointerLayoutTest.cpp testHPointerNullConsWords (0x7, (1<<43)|0x7, (1023<<43)|0x7; round-trip, classifier and eco_get_tag agreement) - bitfield packing is implementation-defined so these cannot be static_asserts, same rationale as the D6 golden words;Heap.hpp|HeapHelpers.hpp|EcoToLLVMInternal.h|EcoToLLVMHeap.cpp|RuntimeExports.cpp|NurserySpace.cpp|OldGenSpace.cpp|elm-kernel-cpp/src/ExportHelpers.hpp|eco-kernel-cpp/src/eco/ExportHelpers.hpp|elm-kernel-cpp/src/core/Utils.cpp|test/allocator/HPointerLayoutTest.cpp|CGEN_079|HEAP_028|HEAP_035|CGEN_068
CGEN_079;MLIR_Codegen;NullConsEmission;enforced;Nullary-constructor emission (plans/null-cons-hpointer-embedding.md, the compiler half of HEAP_044). (a) EMISSION: every nullary constructor EXCEPT the legacy three (elm/core's Basics.True/False via the Bool i1 path, Maybe.Nothing via the merged empty 0x6 - CtorTag.isEmbeddedConstantCtor keeps guarding exactly that set, matched by home module and name so a program's own True/False/Nothing constructors are ordinary constructors) compiles to eco.constant.null_cons carrying its declaration index. Both emitters substitute it for the former size-0 eco.construct.custom: Functions.generateEnum's non-well-known arm and generateCtor's arity == 0 arm (using ctorLayout.tag, which after HEAP_044(d) is the plain declaration index for every nullary ctor, RBEmpty = 1 included). TAG PROVENANCE IS UNIFORM AND MUST NOT BE RE-DERIVED: MonoEnum is minted as CtorTag.effective ... (Specialize.elm, solver twin MonoSolver/Monomorphize.elm) and CtorShape.tag comes from CtorTag.effective (Monomorphize/Analysis.elm), so applying CtorTag.effective a second time at emission is a latent bug a future reserved-tag addition would detonate. (b) 0-FIELD CONSTRUCTION IS A VERIFIER ERROR: eco.construct.custom with size == 0 and eco.allocate_ctor with size == 0 && scalar_bytes == 0 are rejected by their op verifiers, so a stray emission fails loudly at MLIR verification instead of silently minting a second representation. (c) THREE TAG EXTRACTORS, ONE TRUTH: the runtime eco_get_tag (RuntimeExports.cpp), the open-coded __eco_get_tag_inline diamond (expandGetTagMarkers, EcoBackend.cpp) and the eco.case lowering's embedded-constant arm (EcoToLLVMControlFlow.cpp) must all return the embedded declaration index for a null-cons word. ORDER MATTERS in all three: the null-cons test comes FIRST, because the legacy chain falls through to the Bool arm for any non-Empty constant and would read a null-cons word as True. In the two open-coded forms the derived index (lshr+and off the ptrtoint) MUST be computed in the SAME basic block as the ptrtoint - REP_LLVM_001(d)'s same-BB bit-test acceptance - and only the derived i64 crosses into the embedded-constant block. This uniformity is the load-bearing simplification of the whole design: because dispatch flows through get_tag, Patterns.elm, decision trees, TailRec, eco.case lowering, the compare-to-branch peephole, LSS/AbiCloning and both mono engines need ZERO changes. (d) NO CAF MEMOIZATION for nullary ctor/enum specs (amends CGEN_068): a constant-returning body needs no once-guard and a slot would be a second copy of nothing, so generateNodeInner's MonoEnum arm no longer emits an eco.global or stamps eco.caf_memo. (e) REFERENCE-SITE INLINING is a PERF LAYER, NOT A CORRECTNESS LAYER: Expr.generateVarGlobal consults Ctx.nullConsBySpec (SpecId -> effective tag, built in Backend.buildNullConsBySpec from the graph's MonoCtor/MonoEnum nodes with the legacy three excluded) and emits the constant instead of the arity-0 eco.call. The spec func.funcs still exist and now RETURN the same constant, so any reference path not routed through generateVarGlobal still observes the single representation. This also supersedes the aggp ctorInline nullary exclusion, which is now satisfied one level up rather than by CAF-memoized singletons. (f) Pinned by test/codegen/null_cons_constant.mlir (word, get_tag diamond arm and eco.case arm) and the E2E set NullConsEnumRoundTripTest / NullConsNormalUnionTest / NullConsDictEmptyTest / NullConsOrderTest - the last being the kernel-vs-compiled single-representation end-to-end gate that catches the resolveAndCompare landmine;Ops.td|EcoOps.cpp|Passes/EcoToLLVMTypes.cpp|Passes/EcoToLLVMControlFlow.cpp|EcoBackend.cpp|Compiler.Data.CtorTag|Compiler.Generate.MLIR.Functions|Compiler.Generate.MLIR.Expr|Compiler.Generate.MLIR.Ops|Compiler.Generate.MLIR.Backend|Compiler.Generate.MLIR.Context|HEAP_044|CGEN_068|REP_LLVM_001
LSS_026;Monomorphization;LambdaSets;tested;Honest empty-as-source (plans/lss-gap2-callarg-transport.md; the surviving half of LSS_026). UNCONDITIONAL, no flag: an internalization or demand resolution that reached a terminal FlexVar SOURCE while carrying members or promoted ordinals resolves TOP, never a set. Both readers - Store.resolveSlotMembers via resolveSources' sawFlex bit, and LssInfer.sigResolveEdges via sigEdgesGo's. Rationale: reading a dangling inflow as an empty contribution is exact ONLY under write-completeness of every inflow to that source slot, which the A.1 arg-load leak violates by construction (Store.loadType mints fresh arrow structure per load - LSS_006 - so an unconnected instantiation param slot dangles as FlexVar). The resulting Mono.LSet claims a completeness it does not have, and LSS_025's post-settle devirt then acts on it. ESCALATED to unconditional 2026-08-23 on a RUNTIME WITNESS, not on a census: the self-compile counts ZERO crossings (topMixedFlex=0/0) but test/elm/src/LssMixedSigHonestyTest.elm miscompiles at the shipping default without the rule - d f = pickG True f returns f, yet publishes {g|incr} COMPLETE, and the shared dispatch site prints [42,42,42] for [41,42,82]. Three-arm isolation: ECO_MONO_LSS_ARG_FLOW=1 (when the flag still existed) PASSES, ECO_MONO_LSS_DEVIRT_POST=0 PASSES, ECO_MONO_LSS=0 PASSES. A monomorphic fixture never sees it, which is why the compiler's own corpus reads zero - a zero census over one corpus is NOT an absence proof for a soundness hole. LssZonkAcc.honestSources survives as a field ONLY so the store-level pins can drive both directions of the reader; zonkToMono seeds it True in every production zonk. The all-empty case (no members, no ordinals) keeps its non-top empty fact - consumers write nothing, the slot stays flex and reads TOP. Never LSet [] (LSS_001). HISTORY: clauses (b)-(e) of this row - the D1/D2 call-argument TRANSPORT behind lss.callArgFlow - were built, measured and DELETED 2026-08-24. They cost +2.68% mono wall and a -0.51pp fast-dispatch regression (11.65M statically-stamped $cap calls converted to generic, sat+fast exactly equal between arms, typed bit-identical) for zero consumable gain - devirtDirect FLAT at 4,453 because the transported mass is raw l| which declines at AbiCloning under LSS_017 noInstance. The mechanism behind that fast->gen conversion was never identified: THREE attributions were proposed and all three refuted by measurement (annotation-keyed spec splits; adoption-blocking of one hot member, whose repair drove declinedBlocked 156->0 and moved coverage 0.000pp; see the plan's sections 11.5-11.6). Root-cause diagnosis in design_docs/auto-borrow-inference/lss-why-the-fidelity-program-failed.md: sets do not travel with types because Can.TLambda carries no identity, so every transport repair is hand-reconnection of slots a shared representation would never have split. DO NOT re-add a transport layer without first fixing arrow identity (successor plan: plans/lss-unknown-elimination.md) AMENDED 2026-08-24 (plans/lss-unknown-elimination.md SS10): clause (a) was expected to relax once arrow identity connected the dangling sources. Measured, it does the OPPOSITE at the margin - topMixedFlex is 0/0 through Phase 1b (so Phase 1b's feared trade of HOP-3 poison for honest-empty widening does NOT occur, and 1b did not need resequencing after Phase 2) and rises to 1/0 with lss.arrowIdentity ON, because slot sharing CREATES an edge-reachable source where there was none. One event, sound either way, but the rule is still load-bearing and must be kept.;compiler/tests/TestLogic/Monomorphize/LssHonestSourcesTest.elm + LssHonestSourcesPipelineTest.elm + test/elm/src/LssMixedSigHonestyTest.elm + Compiler/MonoSolver/{Store.resolveSlotMembers,LssInfer.sigResolveEdges}

LSS_027;Monomorphization;LambdaSets;implemented;ARROW IDENTITY (plans/lss-unknown-elimination.md Phase 2a). Can.TLambda carries a TypeIds.ArrowId: one id per SYNTACTIC arrow OCCURRENCE, minted ONCE at type creation and ONLY in AssignMVarIds.rewriteCanType (pre-order, before descending). Consequences, each load-bearing: (a) every Can.Type Name carries noArrowId, which is why PostSolve's whole-tree `existing == t` stays safe - if ids are ever stamped earlier that comparison needs an id-blind comparator; (b) the id must NOT ride the `id` type parameter (in the Can.Type Name phase it would be a Name and ensureBinder interns by NAME, collapsing every arrow named "a" in (a -> b) -> a -> b into one lambda set); (c) STRUCTURAL keying is banned for the same reason one level down (two distinct Int -> Int would collapse); (d) SERIALISATION IS UNCHANGED - typeEncoderS emits nothing for the id and typeDecoderS supplies noArrowId, so .elmi / typed-artifacts.dat / .eco / .ecot stay byte-compatible and no ~/.eco rebuild is needed; (e) Store.loadTypeC memoises the SET SLOT ONLY, never the FunL node - from/to can resolve to different Points on different loads (leaf-memo differences, TAlias Holey binding) and sharing the node would union unrelated argument types; (f) ENTRY-POINT ASYMMETRY: loadType/loadTypeWithArrows seed and write back itemAux.arrowMemo, while loadTypeIsolated/loadTypeIsolatedWithArrows seed Dict.empty and NEVER write back - threading the item memo into an isolated load would make every call site of an annotated f unify into ONE lambda set (sigSourceTypeFor and the call path read the same annotation value out of env.annotations). Flag lss.arrowIdentity (env ECO_MONO_LSS_ARROW_ID, hash token lssAI= when non-default), DEFAULT-ON since 2026-08-25: ids are minted unconditionally but the MEMO is gated, so flag-OFF remains byte-identical to pre-2a and the two-binary rail still applies in that direction. MEASURED 2026-08-24 (benchmarks/runtime-calls.md Run AE): flag-on costs -0.50pp fast-dispatch coverage (fast -11,630,129, gen +11,661,704, typed EXACTLY 0), and 99.0% of that is ONE site - a closure that was reached only by static stamp (sat=0 fast=11,515,632) loses its singleton because the SHARED slot unions what per-load minting kept apart, and every devirt arm requires |set|=1. THE GENERAL RULE THIS ESTABLISHES: per-load slot minting is not only fragmentation, it is also the analysis's CONTEXT SENSITIVITY, and that context sensitivity is what manufactures the singletons the consumer can use. Arrow identity without a per-use set VARIABLE (Phase 3's LVar) trades usable singletons for honest multi-member sets - the paper has no such trade because its alpha is a variable instantiated per use, so identity and context sensitivity arrive together. COROLLARY: Phase 2b (solver-root ids) shares strictly MORE contexts and should therefore NOT land before Phase 3. FLIPPED DEFAULT-ON 2026-08-25 (plans/lss-paper-inclusion-constraints.md SS5.A3, benchmarks/runtime-calls.md Run AL). THE FLIP GATE WAS RETIRED, NOT PASSED, and the reason is the governing rule of this arc: a regression from a SINGLETON to a MULTI-SET is NOT a blocker - the analysis is what is being fixed and multi-set lowering (plans/lss-sum-lowering.md) is what reaps it. The ONE distinction that does block is a LOWERING FAILURE (the compiler emits MLIR that will not lower), which was LSS_031 and is fixed by LSS_036. MEASURED AT THE FLIP: kN 557 -> 2,043 (+266.8%), var 260,280 -> 247,813 (-12,467 unresolved), multi-set ARROWS 13 -> 100, trivial signatures 9,499 -> 9,482, at -0.306pp fast dispatch (12.407% -> 12.101%) - milder than AE's -0.50pp because LSS_024 and LSS_025 landed in between and recover stamps the shared slot would otherwise lose. GATES: self-compile LOWERS EXIT=0 both arms with ZERO undefined-fast-evaluator errors; E2E --target full 1691/1691; elm-tests 13,355 passed / 12 failed = the pre-existing baseline EXACTLY (if-chain + 11 POST_010/TYPE_007 node-type-scoping). THREE UNIT TESTS HAD TO BE RESTATED, and the reason generalises: LSS_020 test 9 and LSS_026(a) pipeline tests 1-3 asserted that certain positions were UNWRITTEN (LVar) or resolved to TOP. Both were PROXIES that only discriminated while LSS_006 per-load slot minting left the position dangling; arrow identity closes that leak, so the positions are now legitimately written. VERIFIED BEFORE CHANGING THEM, not assumed: the contravariance pin's HOF inner arrows read LSet[6] where hof1's own set is LSet[4], hof2's is LSet[5] and k's own is LSet[6] - i.e. they carry EXACTLY k's member, the forward flow, where a backwards flip would have pushed 4/5 in; and the runtime miscompile fixture test/elm/src/LssMixedSigHonestyTest.elm (which printed [42,42,42] for [41,42,82] when this class last regressed) PASSES. The restated assertions pin the titles' real claims instead - carries-k plus never-carries-the-hof-params-own-members, and never-a-singleton rather than always-TOP. TRAP: honestSources topMixedFlex reads 0/0 flag-off and 1/0 flag-ON at CORPUS scale, the REVERSE of the small fixtures - arrow identity RELOCATES where the honest-empty rule fires rather than retiring it, so any future attempt to delete that rule must re-measure the counter and not reason from the fixtures.;Compiler/AST/TypeIds.elm ArrowId|Compiler/Monomorphize/AssignMVarIds.elm freshArrowId|Compiler/MonoSolver/Store.elm loadTypeC|tests/TestLogic/Monomorphize/ArrowIdentityTest.elm

LSS_028;Monomorphization;LambdaSets;enforced;ARROW-MEMO STORE SCOPING (plans/lss-unknown-elimination.md §4.5). Engine.ItemAux.arrowMemo maps ArrowId -> a set-slot Point IN THIS ITEM'S STORE, so it MUST be cleared by Engine.clearedAux on every scratch-store entry and restored from the OUTER aux by Engine.restoredAux on exit; Engine.clearResidualReads must NOT clear it (the saturation pass re-translates against the SAME store, so clearing would silently re-mint and lose sharing mid-item); resetItem clears it via emptyItemAux. Point indices are dense from 0 in EVERY store, so a leak aliases low outer indices and zonkSigGo then bakes garbage LambdaSet1 content into a memoised LssSignature - which is GLOBAL (S.lssSignatures) and survives the whole run. SILENT MISCOMPILE, not a crash. There are TWO scratch boundaries and both must route through the helpers rather than inlining the clear: Engine.withScratchStore and the hand-rolled Translate.retranslateAt;Compiler/MonoSolver/Engine.elm clearedAux|Compiler/MonoSolver/Translate.elm retranslateAt

LSS_029;Monomorphization;LambdaSets;documented;THE ARROW-ID CLONE RULE (plans/lss-unknown-elimination.md §4.7). Three post-AssignMVarIds constructors mint noArrowId because no original id exists (Analysis.convertCanTypeNameToMVarId, TypeSubst.buildCurriedCanType, Specialize.buildFuncType) and two PRESERVE the id because they rewrite rather than create (AST/Utils/Type dealiasHelp+deepDealias, PostSolve.applySubst). TypeSubst.renameMVarIdsInCanType CLONES arrow ids and is SOUND ONLY WHILE its output never reaches Store.loadType* - it exists to FRESHEN a cached scheme, so cloning the ids would make an arrowMemo load resolve the original and the instantiation to ONE slot, i.e. every call site of a cached scheme would share one lambda set. It is inert today because Compiler/Monomorphize/TypeSubst.elm is the SUBST engine and nothing under Compiler/MonoSolver/ imports it. The moment the solver routes through it - or the helper is reused for solver-side instantiation - it must thread an ArrowId supply (natural home: MVarEnv, already threaded through both callers) and mint fresh ids per TLambda. Store.loadTypeC's akey == 0 guard keeps a violation SOUND but unshared, never unsound;Compiler/Monomorphize/TypeSubst.elm renameMVarIdsInCanType|Compiler/Monomorphize/Analysis.elm convertCanTypeNameToMVarId

LSS_030;Monomorphization;LambdaSets;enforced;THE RESOLUTION LEDGER (plans/lss-unknown-elimination.md §2.5). MonoSolver/Monomorphize.renderLssReport emits one `ledger:` line reconciling EXACTLY to setsZonked: k1 = sizeHist[1]; kN = sum of sizeHist[k] for k>=2; overcap = widenedBySize; top = causePoison + causeEdgeTop; unknown = causeFlex + causeEdgeEmpty. The RECONCILES field is the point: it is a self-check that fires the moment a new zonk cause arm is added to Store.LssZonkAcc without being wired into the ledger, so EVERY new arm must land in exactly one of the five buckets. Two caveats that must ride with every quote of these numbers: (a) the zc| cause counters are gated by censusOn = env.lss.report and read 0 without ECO_MONO_LSS_REPORT=1, while sizeHist/widenedBySize are unconditional - never mix an arm measured with the flag against one measured without it; (b) the counters are per ZONK READBACK, not per distinct arrow position (a hot slot read 50 times counts 50 times), which is a sound RELATIVE signal across arms of the same corpus and is NOT an answer to "how many positions did we resolve". This ledger, not dispatch coverage, is the acceptance metric for the unknown-elimination arc: sum lowering does not exist and every devirt arm needs |set| = 1, so coverage measures the consumer rather than the analysis and is kept only as a regression guard;Compiler/MonoSolver/Monomorphize.elm renderLssReport|Compiler/MonoSolver/Store.elm foldZonkStats

LSS_031;Monomorphization;LambdaSets;implemented;SOLVER-ROOT ARROW IDENTITY (plans/lss-unknown-elimination.md Phase 2b, SS11). Can.TLambda carries a TypeIds.ArrowSlot = NoArrow | SolverRoot Int | Arrow ArrowId, and its meaning is PHASE-DEPENDENT exactly as Can.Type's id parameter is: a Can.Type Name carries NoArrow or SolverRoot and NEVER Arrow; a Can.Type MVarId carries NoArrow or Arrow and never SolverRoot. Compiler.Compile stamps SolverRoot after PostSolve - the last point where solverState is live - by walking each node type and each annotation against its rooted solver var (SolverRoots.stampArrowRoots, the same descent walkTypeForBinders uses arm for arm); where the lockstep is lost the subtree is left NoArrow, so 2b degrades to 2a's occurrence ids LOCALLY and never to a WRONG id. The stamp is UNCONDITIONAL, not flag-gated, because the value rides Can.Type and therefore the cached artifact - gating it would key the on-disk format to a mono-time flag. AssignMVarIds.ensureArrowIdForRoot resolves (moduleKey, rootIdx) to a global ArrowId, an exact mirror of ensureMVarIdForRoot, and the module scoping is LOAD-BEARING for the same reason: each module's solve numbers Pt from zero, so an unscoped raw index would FALSELY union two unrelated lambda sets. Safe because TOpt carries only Meta.tipe and AnnotationsByGlobal (no foreign Can.Annotation), so every type is rewritten under the home module of the global that owns it. Flag lss.arrowSolverRoots (env ECO_MONO_LSS_ARROW_ROOTS, hash token lssAR=), DEFAULT-OFF and requires lss.arrowIdentity. MEASURED: rootAnn|hitExact 567/22,703 (2.5%) under occurrence ids becomes 22,816/22,883 (99.7%) under solver roots - it ties exactly what occurrence identity could not - and 959 signatures stop being trivial, the first movement of GAP-2's own success metric. It ships OFF and must STAY off until Phase 3: it shares strictly MORE contexts than 2a, and LSS_027's rule says sharing without a per-use set variable trades usable singletons (declinedNoInstance x5.6 to 6,695, and 31 multi-set call sites a singleton-only consumer declines) DEFECT FOUND 2026-08-24, FIXED 2026-08-25 (see LSS_036): with lss.arrowSolverRoots=1 the SELF-COMPILE emitted MLIR that FAILED TO LOWER - "error: 'eco.papExtend' op references undefined fast evaluator 'Terminal_Main_lambda_NNN'" - i.e. a call site is stamped with a fastEvaluator naming a lambda instance that is never emitted. Reproduced on BOTH the 2b arm and the 2b+Phase-3 arm (different lambda numbers, same class); the shipping-default arm lowers cleanly (EXIT=0), which is why the flag being DEFAULT-OFF is load-bearing and not merely cautious. NOTE THE GATE GAP THIS EXPOSES: E2E --target full PASSED 1687/1687 with the flag ON, because the E2E corpus is small programs; only the SELF-COMPILE is large enough to produce the bad stamp. A flag that changes lambda-set IDENTITY must be gated on a self-compile lowering, not on E2E alone. That hypothesis - solver-root sharing electing a representative that does not survive pruning - was WRONG: nothing was pruned. Roots-on merely changes WHICH instance wins the LayoutGroup rep election, and a NODE-TOP-LEVEL closure starts winning; those are emitted under the SPEC name, not under lambdaId. See LSS_036 for the contract and the fix. THIS FLAG NOW LOWERS (self-compile roots-on, EXIT=0, 2026-08-25);Compiler/AST/TypeIds.elm ArrowSlot|Compiler/Type/SolverRoots.elm stampArrowRoots|Compiler/Compile.elm|Compiler/Monomorphize/AssignMVarIds.elm ensureArrowIdForRoot

LSS_032;Monomorphization;LambdaSets;enforced;ARTIFACT FORMAT VERSION (Phase 2b). Can.TLambda's arrow slot is SERIALISED by typeEncoderS/typeDecoderS (0 = none, idx+1 = a solver root), because Compiler.Compile stamps it and AssignMVarIds - which runs on the reassembled GlobalGraph, i.e. on the far side of that codec - is what consumes it. Compiler/Elm/Version.compiler was therefore bumped 0.1.0 -> 0.1.1. That constant is used in EXACTLY ONE place, Builder/Stuff.compilerVersion, which keys BOTH <root>/eco-stuff/<version> AND ~/.eco/<version>/packages/, so one edit invalidates every cache. THE BUMP IS NOT OPTIONAL: an artifact written by an older compiler decodes SHORT, and the recorded failure mode for a short decode is SILENT (see eco-missing-typed-artifacts-silent-empty) - it surfaces much later as a 'no annotation entry' crash in mono, not as a decode error. Any future change to a serialised AST shape carries the same obligation;Compiler/AST/Canonical.elm typeEncoderS|Compiler/Elm/Version.elm compiler|Builder/Stuff.elm compilerVersion

LSS_033;Monomorphization;LambdaSets;documented;THE MULTI-SET CENSUS and its join rule (plans/lss-unknown-elimination.md SS11.0-11.3). renderLssReport emits an MSET row per ARROW that ever read back |set| >= 2, keyed by ArrowId and carrying member KEY strings; the `multisets:` summary line gives distinct arrows against the ledger's kN readbacks. This exists because sizeHist counts READBACKS and cannot distinguish 518 distinct 6-member arrows from one hot arrow read 518 times (SS2.5.5) - measured, 13 arrows produce all 545 baseline multi-set readbacks. TWO TRAPS. (a) The slot that is ZONKED is usually not the slot that was MINTED: a loaded arrow and a demand-encoded arrow unify and only the loaded side has an ArrowId (monoTypeToVarC builds from Mono.MonoType, which has no arrow ids), so the lookup MUST go through the union-find class via UF.repr - keying by the raw Point reports zero. (b) The offline classifier (benchmarks/multiset-census.py) joins two arms BY ARROW ID, and that is valid ONLY when both arms number ids the same way: true across lss.arrowIdentity off-vs-on, FALSE across lss.arrowSolverRoots, which renumbers every id. The script refuses a zero-overlap join rather than reporting nonsense. GENERAL RULE: a cross-arm join key must have an unchanged PRODUCER between the arms, which is strictly stronger than being stable within one run - the same rule that makes lambda_N symbol joins invalid;Compiler/MonoSolver/Store.elm noteMultiSet|Compiler/MonoSolver/Monomorphize.elm multiSetCensusBlock|benchmarks/multiset-census.py

LSS_034;Monomorphization;LambdaSets;implemented;THE LAMBDA-SET VARIABLE and what it does NOT remove (plans/lss-set-variable.md). Mono.unionAnno keeps a join, and that is the honest residue of not having sum lowering: where two callers must share ONE specialization, that spec has to COMMIT to a single annotation. The arms: LVar i union LVar i = LVar i (the arm Phase 3 EXISTS to create - Phase 1's anonymous LUnknown could not tell 'the same unknown' from 'another unknown' and had to widen; this is worth a MEASURED 24-30% drop in retranslations, because joins that used to report changed now report no-change and enqueueSpecKeyed stops forcing a re-translation); LVar i union LVar j with i/=j -> LTop (two DIFFERENT variables meeting at one stored position - the paper would UNIFY them, a lattice join cannot because it has no store to write the substitution into); LVar union LSet -> LTop (a variable is not a commitment to the empty set, so keeping the set would claim inhabitants it does not have, and keeping the variable would drop members that do exist); LTop absorbs, as the incompleteness marker. THE TWO LOSSY ARMS ARE EXACTLY WHAT DEFUNCTIONALIZATION WOULD DELETE - see the plan's SS2: specialization keying IS a commitment to a concrete set, so the set variable does not remove the join on its own and sum lowering is a PREREQUISITE for the paper's form, not a payoff that arrives later. MEASURED (SS8.1): Phase 3 leaves resolution completeness FLAT (+-0.05pp) and multiSetSites UNCHANGED in every arm - the sharing it preserves was not the bottleneck on this workload, a third independent confirmation that the PRODUCER side is the ceiling;Compiler/AST/Monomorphized.elm unionAnno|Compiler/MonoSolver/Store.elm varNumberFor+mintVarSlots
LSS_035;Monomorphization;LambdaSets;implemented;POST-SETTLE RE-ZONK LEDGER (plans/lss-post-mono-architecture.md SS3.2, Item 2) - a MEASUREMENT, and its read-only discipline is the invariant. Engine.resetItem installs a FRESH store per work item, so a lambda-set slot read during translation can only ever be refined by writes that land before that SAME item finishes; there is no long-lived store to settle into. Store.rezonkSettled therefore replays every readback the item made - ItemAux.zonkLog, appended by zonkToMono under lss.report only - at finishNode, against the same store, and emits a SECOND ledger line (ledger-settled:) whose buckets mirror the SS2.5 ledger exactly. Same variables, same multiplicity, so total MUST equal the in-flight setsZonked: the report prints MATCHES=yes/NO and a NO means the log lost readbacks (a missed clear on a store swap, or a zonk outside any item), which makes the deltas meaningless - a bug signal, not a finding. READ-ONLY IS LOAD-BEARING: zonkToMonoC mutates its ZonkCtx (path compression, residual MVarId stamping, member interning), so rezonkSettled DROPS the final ctx entirely and reads only ctx.lss; it never writes store, next, intern, memberTable, nextMemberId or ecoReads back to S. If it ever did, the census would become a behaviour change wearing a census's clothes and every byte-identity rail in the arc would be silently invalid. zonkLog holds Points and is therefore STORE-SCOPED exactly like arrowMemo/arrowOfSlot: it MUST be cleared by clearedAux and restored by restoredAux on every scratch-store swap, or low Point indices alias across stores (indices are dense from 0 in both) and the replay reads garbage. The discriminator settled-var-arrows: splits the still-var population by ArrowId into knownElsewhere (that arrow read back a CONCRETE set in some OTHER item - unreachable under per-item teardown, resolvable by a solve that outlives the item) and unknownEverywhere (nothing anywhere writes it - the kernel/FFI/port/Debug boundary, which no reordering reaches). It is scored against setArrows (arrows that resolved to a set of ANY size), NOT against multiSetsByArrow, which is gated at |set| >= 2: an arrow resolved to a SINGLETON elsewhere is still known elsewhere, and scoring against the multi-set table alone misfiles it as unconstrained and OVERSTATES the kernel-boundary ceiling. Entirely report-gated (lss.report); zero cost and zero counters with ECO_MONO_LSS_REPORT unset. PROVEN 2026-08-24 (benchmarks/lss-opt.md Run AK): with the instrumentation ON and reporting, the self-compile .mlir is BYTE-IDENTICAL to the pre-change binary's (c9ae525e2601518c50696d2929ab40b8, 14,786,349 B) and the in-flight ledger is unchanged digit for digit - the read-only claim is measured, not asserted. Re-run that rail if rezonkSettled is ever touched. GATED 2026-08-24: E2E --target full 885/885 EXIT=0; elm-tests 13,355 passed / 12 failed = the PRE-EXISTING baseline unchanged (if-chain + 11 POST_010 node-type-scoping, none lambda-set related); self-compile lowers EXIT=0 on the shipping-default arm. TRAP hit while landing it: compiler/tests/TestLogic/Monomorphize/LssHonestSourcesTest.elm builds the zonk accumulator as a RECORD LITERAL (LssAccShape), so any new LssZonkAcc field breaks the test suite at COMPILE time while E2E stays green - add new fields there too;Compiler/MonoSolver/Store.elm rezonkSettled|Compiler/MonoSolver/Store.elm noteArrowClass|Compiler/MonoSolver/Engine.elm SettledStats|Compiler/MonoSolver/Monomorphize.elm finishNode
HEAP_045;Runtime_Heap;PlatformBoundaryBoxing;enforced;PLATFORM BOUNDARY IS ALL-BOXED FOR THE MODEL (fixed 2026-08-25, plans/task-perform-value-msg-segfault.md). Platform.worker's init and update both return ( model, cmd ) as a Tuple2, and a Tuple2 carries its slot kinds in header.unboxed - 2 bits per slot, 00 boxed HPointer / 01 Int / 10 Float / 11 Char - so for an UNBOXED model type (Int/Float/Char) slot a holds a RAW SCALAR, not a pointer. PlatformRuntime::initWorker and the update path MUST read that slot through Elm::alloc::boxElement(slot, kind) and never as a bare .p. Reading .p reinterprets the scalar as an HPointer and breaks TWO invariants at once: the word is stored into modelStorage_ which is then handed to eco_gc_add_value_root, violating HEAP_035 (a slot holding a raw scalar must NEVER enter the root set), and the first callClosure1(subscriptionsFn, model) resolves it - Allocator::resolve on a raw i64 - and SIGSEGVs. Confirmed under gdb: init _ = ( 1, .. ) produced model = {constant=0x1, ptr_ind=0x0, ptr=0x0}, i.e. the raw 1 with ptr_ind CLEAR so it is not a valid embedded constant either (HEAP_010). The boundary is all-boxed in BOTH directions - callClosure1/2 pass the model back to Elm through the all-boxed arg layout - so boxing here is the contract, not a workaround. boxElement ALLOCATES for an unboxed kind and can move the tuple, so each site re-resolves the pair before reading slot b. WHY IT HID: every pre-existing worker fixture used a model that really is a pointer or a tagged constant (TimerEffectTest a record, MVarSharedNewTaskTest a Maybe). Gated by test/elm/src/TaskPerformValueTest.elm and TaskAttemptErrorTest.elm - an Int model is the point of those fixtures, do not 'tidy' them into records;runtime/src/platform/PlatformRuntime.cpp initWorker|runtime/src/allocator/HeapHelpers.hpp boxElement|test/elm/src/TaskPerformValueTest.elm
HEAP_046;Runtime_Heap;KernelEscapeBoxing;enforced;KERNEL-BUILT AGGREGATES MUST MATCH STATIC LAYOUT AT THE ESCAPE BOUNDARY (fixed 2026-08-29, found by LssGapKernelPipeline). Heap slot layout is a pure static function of the monomorphized type (MONO_013/MONO_029), and compiled readers consult only the CtorLayout - never header.unboxed - so any Custom/tuple/cons a kernel hands to compiled Elm must store Int/Float/Char payloads unboxed with the matching 2-bit kind. Primitives cross the kernel ABI boxed (Tag_Int/Tag_Float/Tag_Char per REP_ABI_001 auto-boxing), and kernel-INTERNAL structures legitimately keep payloads boxed for their own readers; the re-store therefore happens at the ESCAPE points, deriving the kind from the runtime tag (sound: taintNumber forbids erased Ints, MONO_028). Json: rewrapEscapingResult at Elm_Kernel_Json_run/runOnString rewraps a boxed-primitive Ok payload; the C++ consumers of those exports (PlatformRuntime::decodeFlags, PortRuntime receive) read the payload kind-aware via alloc::boxElement. List/keyValuePairs builders already tag-derive element kinds. Same fix wave: Json_run bridges the two Value families (ENC_* 0-6 from Json_wrap vs CTOR_JSON_* 100-106 from jsonToHeap) via elmToJson/jsonToHeap before decoding - decodeValue over encoder-built values returned Err before. Regression pin test/elm/src/JsonDecodeScalarResult.elm. Sibling of HEAP_045 (platform boundary) and the list-rebuild u8 slot kinds fix.;elm-kernel-cpp/src/json/JsonExports.cpp|runtime/src/platform/PlatformRuntime.cpp|runtime/src/platform/PortRuntime.cpp
LSS_036;MLIR_Codegen;Closures;enforced;FAST-EVALUATOR SYMBOL PROVENANCE (fixed 2026-08-25, plans/lss-paper-inclusion-constraints.md SS5.A1). A monomorphized node whose ENTIRE expression is a MonoClosure - an ordinary top-level `f a b = ...` - is emitted by Generate/MLIR/Functions.generateNode under specIdToFuncName registry specId, the SPEC's name - its own closureInfo.lambdaId NEVER becomes an MLIR symbol. Only Lambdas.elm, which emits NESTED closures, names anything lambda_NNN. AbiCloning.collectGo did not draw that distinction: it indexed EVERY MonoClosure under closureInfo.lambdaId, so when a top-level instance won a LayoutGroup rep election StampPap wrote fastEvaluator = Just inst.lambdaId and Expr.elm rendered it with lambdaIdToString - naming a function that was never emitted. PapExtendOp::verifySymbolUses (runtime/src/codegen/EcoOps.cpp) is what catches it, as `'eco.papExtend' op references undefined fast evaluator`. THE CONTRACT: any stamp that will be rendered as a SYMBOL must record which emitter owns the instance, never re-derive the name from the lambdaId alone. Mono.CallInfo.fastEvaluatorSpec : Maybe SpecId carries that provenance - AbiCloning.collectInstances threads the node's SpecId through its fold and collectNode hands it to the node's TOP-LEVEL closure only, for EXACTLY the three node kinds that route through Functions.generateDefine - MonoDefine, MonoPortIncoming, MonoPortOutgoing - since those hand their whole expression to generateClosureFunc funcName. MonoTailFunc is deliberately EXCLUDED: its params are already split out and its expr is the BODY, so a closure sitting there is an ordinary nested lambda that Lambdas.elm names, and attributing the spec to it would swap one wrong symbol for another. Nested closures everywhere get Nothing, unchanged - Instance.topLevelSpec is set ONLY when closureInfo.captures is EMPTY, because generateNode emits the spec un-suffixed and the spec name is therefore usable only where the emitter takes the bare branch rather than `...$cap` - a top-level definition is closed over globals so this is expected to hold universally, and the guard makes a violation degrade to the OLD loud lowering error rather than invent a wrong $cap symbol. Expr.elm's stamp carries FastRef = ( LambdaId, Maybe SpecId ) and fastRefBaseName resolves it. TWO PLACES THAT SILENTLY UNDO IT IF FORGOTTEN: (a) MonoGlobalOptimize's stamp-PRESERVING record update must copy fastEvaluatorSpec alongside fastEvaluator, or a later rewrite drops the provenance back to the lambdaId spelling - (b) GlobalOpt/MapTemplate renders its callee with lambdaIdToString and therefore DECLINES any site whose fastEvaluatorSpec is Just. MEASURED on the self-compile: 17 stamps are both top-level and stamped with lss.arrowSolverRoots=1 and ZERO at shipping defaults - which is exactly why LSS_031 being default-off hid this - and 25,486 top-level closures carry 25,486 DISTINCT uids, so no lambdaId collision was ever involved. BYTE-NEUTRAL AT DEFAULTS BY CONSTRUCTION: with roots off nothing sets topLevelSpec, fastEvaluatorSpec is always Nothing, and every emitted symbol is character-for-character what it was. GATED 2026-08-25: self-compile with ECO_MONO_LSS_ARROW_ID=1 ECO_MONO_LSS_ARROW_ROOTS=1 emits EXIT=0 (15,054,203 B of MLIR) and LOWERS EXIT=0 (70,450,536 B binary) with ZERO 'undefined fast evaluator' errors - the only ld output is the pre-existing stackmap-relocation / DT_TEXTREL warning pair. GATE RULE THIS INHERITS FROM LSS_031: a change to lambda-set IDENTITY must be gated on a SELF-COMPILE LOWERING, not on E2E - E2E passed 1687/1687 with the bad stamp because its corpus is small programs;Compiler/GlobalOpt/AbiCloning.elm collectTop|Compiler/GlobalOpt/AbiCloning.elm collectClosure|Compiler/AST/Monomorphized.elm CallInfo|Compiler/Generate/MLIR/Expr.elm fastRefBaseName|Compiler/Generate/MLIR/Functions.elm generateNode
LSS_037;Monomorphization;LambdaSets;tested;THE SHADOW-Q VERIFIER (plans/lss-paper-inclusion-constraints.md SS5.1/SS5.6). Flag lss.qCensus, env ECO_MONO_LSS_QCENSUS, hash token lssQC=, DEFAULT-OFF and SPLIT FROM lss.report on 2026-08-26 - it used to ride the report flag, and the benchmark protocol in benchmarks/lss-opt.md MANDATES ECO_MONO_LSS_REPORT=1, so every timed run was paying for ~106k recorded constraints per compile plus a solve and a reachability walk per inference unit, inside the measured wall/RSS/GC. THE PROPERTY IT GUARDS, and it is the reason this is a verifier rather than a census to read once: EVERY PATH THAT PUTS A MEMBER IN A SLOT MUST BE A RECORDED CONSTRAINT. Q records `l <= sigma` at exactly two sites - Store.unifySlotWithSetC (every member and top write) and Store.addSlotSource (LSS_023 edges, as sigma_dst >= sigma_src) - captures each target slot's content BEFORE the write (the eager answer is seed join Q, and without the seed an annotation-minted slot reads as a spurious divergence), groups by UF.repr at the boundary so two slots the solver unified are ONE sigma exactly as they are one variable in the paper, solves the least fixpoint, and scores it against the store. READ-ONLY: the threaded store is dropped and only counters cross the boundary, exactly as Store.rezonkSettled is read-only (LSS_035) - if that ever changes the verifier becomes a behaviour change wearing a verifier's clothes. WHICH ARM IS GATED: `Q-infer:` is scored inside LssInfer.inferUnitInScratch over the unit's own signature roots, which is where the paper's Q lives, and its REPRODUCES=yes is the gate - MEASURED 2026-08-26 at 0 divergences over 106,300 classes, which is the empirical proof of the fidelity mapping's asserted claim that Eco's eager solving computes the paper's minimal solution S(Q,alpha). `Q-shadow:` scores the SPECIALIZATION phase at finishNode and is NOT gated, because two routes legitimately diverge there and both are the paper's own design rather than defects: (a) a spec's stored demand type re-enters the store as GROUND via Translate.demandUnifyVar -> Store.monoTypeToVar, which is the paper's sigma-bar (Fig. 9 Mono-Used) - the paper has ground sets at specialization too, what it does NOT have is constraints there, because Q is discharged when inference ends - and (b) Store.monoTypeToVarC mints a slot already holding an LSet or LTop annotation, so those members enter without a write and are invisible to Q. Measured 66 of 110,090 classes at that scope, all shadow-subset-of-eager, split 44 unseen / 12 known-elsewhere / 10 at top. A REPRODUCES=NO on the INFER line is a genuine defect and means a new write path bypasses unifySlotWithSetC - the same class of self-check as LSS_030's RECONCILES field. TRAP that cost two false readings while this was being built: the log holds Points and is STORE-SCOPED like arrowMemo/arrowOfSlot/zonkLog, so it MUST be cleared by clearedAux and restored by restoredAux on every scratch-store swap, and it is consumed and cleared at the inference boundary so the two censuses PARTITION the constraints rather than one silently eating the other's (scratchDropped fell 106,023 -> 0 when that landed, and the recorded edge count went 0 -> 177, matching sigflow's independent counter exactly);Compiler/MonoSolver/Store.elm qOnFor|Compiler/MonoSolver/Store.elm qCensusInto|Compiler/MonoSolver/LssInfer.elm inferUnitInScratch|Compiler/Eco/Config.elm qCensus
LSS_038;Monomorphization;LambdaSets;implemented;INSTANCE-QUALIFIED LAMBDA MEMBERS (plans/lss-instance-qualified-members.md). Under lss.instanceQual.enabled (env ECO_MONO_LSS_INSTANCE_QUAL, hash token lssIQ=; DEFAULT-ON since 2026-09-06 — its value is CONDITIONAL on LSS_039 clearing the arity guard in front of it: alone it is +12 stamps and flat wall, behind LSS_039 it reaches 10 sites carrying 81.7 M dispatches, 2.0 % of self-compile wall), a lambda instance minted while Translate.buildLocalDefs re-translates the RHS of LOCAL-MULTI instance ORDINAL n carries that instance's identity in its member key, appended as "|#<tag>" to the LSS_017/LSS_024 key (Engine.localInstanceTagFor -> ItemAux.currentLocalInstance -> Engine.withInstTag). THE DEFECT IT CLOSES: Engine.recordMultiInstance keys local-multi instances by Mono.SpecMap, which is annotation-SENSITIVE by deliberate design (f / f$1 for two applied types differing only in a lambda set), but member qualification was instance-blind, and both re-translations run inside ONE spec of the enclosing global. One member id therefore indexed two behaviourally different bodies - a singleton LSet [m] that is a LIE. AbiCloning's LSS_024 fingerprint fence declines it (declinedBodyMismatch) rather than taking the E11 representative hijack, so the observable symptom is a lost stamp, never a miscompile. THE DISCRIMINATOR IS THE ORDINAL, NOT THE INSTANCE TYPE: a type hash is annotation-sensitive and would put annotations back inside member ids, reopening the specs->qualified-members->keys spiral LSS_018 exists to close (LSS_024 escapes it by qualifying with the annotation-WIDENED key, which is unavailable here because the split being exposed IS annotation-only). The ordinal is stable for the same reason the emitted def names are: freshName is assigned from specMapSize at insert and SpecMap iterates in insertion order. FOUR RULES, EACH LOAD-BEARING: (a) ORDINAL 0 IS NEVER TAGGED UNDER AN UNTAGGED ENCLOSING CONTEXT - a single-instance let-function outside any split instance has no ambiguity to resolve, so tagging it would mint ids and split specs corpus-wide for nothing, and it is what makes maxInstances=1 reproduce the flag-off collapse exactly; under a TAGGED enclosing instance T ordinal 0 runs under mixTag T 0, because a tag encodes the path of enclosing ordinals and only LEADING zeros may be dropped (dropping an inner zero made (outer 0, inner 1) and (outer 1, inner 0) collide; fixed 2026-10-05, pinned by LssInstanceQualTest #8); (b) ordinals at or beyond maxInstances (default 8) take the shared ordinal-0 tag of their level, bounding one (lambda, spec) to K identity classes - termination is structural, not proven, because an annotation split mints an instance whose new member id can drive a further split; (c) the LSS_018 mu-tie key becomes qualifiedRawKey raw instTag in BOTH mint paths and in lambdaQualified's payload - keyed by the bare raw id a mint inside instance B finds instance A's id, ties to it and force-blocks exactly the stamps this recovers, an implemented-but-inert failure that mimics the mechanism not working; (d) a lambda in lssMemberTable.rootLamOf is NEVER tagged under lss.rootFold, because LSS_019 grounding reproduces the folded g| key FROM A REFERENCE with no instance component and the {l|,g|} singleton collapse would break silently (censused instRootSkip). SCOPE: local-multi only. buildFloatDefs (NUMBER-multi) deliberately calls the untagged retranslateAt - Int and Float instances differ in LAYOUT, so AbiCloning already buckets and stamps them. KEY-STRING SAFETY: the "|#" marker cannot appear in a toComparableMonoType rendering (Elm identifiers, module and package names have no #), and tag 0 reproduces the pre-instanceQual string byte for byte - the flag-off byte-identity rail. ARTIFACT-AFFECTING when on (member ids -> annotations -> keyed spec keys -> fan-out), so the gate is the bootstrap fixed point plus zero undefined-fast-evaluator lowering errors, NOT byte-identity; a singleton -> multi-set regression is not a blocker (LSS_027's governing rule), a lowering failure is. Census: lssStats.layoutQual.{instApplied,instCapped,instRootSkip} and AbiCloningStats.instQual.{divergentGroups,hist,byHost};Compiler/MonoSolver/Engine.elm localInstanceTagFor/instanceQualTagFor/withInstTag/qualifiedRawKey + Compiler/MonoSolver/Translate.elm retranslateAtInstance/buildLocalDefs + tests: compiler/tests/TestLogic/Monomorphize/LssInstanceQualTest.elm + test/elm/src/LssInstanceQualTest.elm + plans/lss-instance-qualified-members.md
LSS_039;GlobalOptimization;LambdaSets;implemented;FLATTENED STAMP AT OVER-APPLYING SITES (plans/lss-instance-qualified-members.md Fix A). Under lss.stamp.flatPeel (env ECO_MONO_LSS_FLAT_PEEL, hash token lssFP=; DEFAULT-ON since 2026-09-06), a call site whose argCount EXCEEDS its callee type's first-stage arity peels that type - accumulating stages until the parameter count EQUALS argCount (AbiCloning.peelStages) - and matches the instance index against the flattened list, taking the exact path's gates in the exact path's order (flattenedResolution/flattenedScan, Resolution constructor StampFlat). WHY THE OLD COMPARISON WAS WRONG: Store.classifyGo's Can.TLambda arm builds Mono.mFunction anno [mFrom] mTo - ONE parameter per MFunction stage for EVERY arrow - so a callback of arity n has a first stage of 1 while mono-uncurry gives it a flat n-parameter closure and the call applies n arguments at once. AbiCloning compared n against 1 and declined arityOver: 12,382 sites on the self-compile, exactly the HOFs whose callback takes 2+ arguments (the whole fold family), carrying 33.2% of all generic dispatch. An arrow TYPE is representation-AGNOSTIC - a flat closure, a curried chain and a PAP all inhabit it - and classifyGo classifies an annotation BEFORE any closure has flowed there, so the type can never license a stamp. THE INSTANCE IS THE ONLY REPRESENTATION AUTHORITY; the comparison belongs against its paramTypes. This is a comparison fix, NOT a representation change: flattening classifyGo instead (the rejected Fix B) would make the type assert what it cannot know, and would move every LSS_006 arrow ordinal. FOUR RULES, EACH LOAD-BEARING: (a) PEEL-UNTIL-EQUAL, never peel-n-times - a stage that OVERSHOOTS argCount fails closed to Nothing, because zonkFlat and MonoInlineSimplify.flattenArrowOnce do emit multi-parameter stages (measured 0 overshoots on the self-compile: every over-applying site has firstStage=1 and peels exact - the guard is unexercised, not unnecessary); (b) A PAP SUFFIX NEVER QUALIFIES - flattenedScan requires g.paramCount == argCount and does ONE bucket lookup keyed by the full flattened param list, where resolvePapSuffix scans ACROSS buckets; the licence is that the n-argument call SATURATES an n-parameter closure, meeting CGEN_052's remaining_arity obligation by the instance's own shape, and a k-dropped suffix match would stamp a saturating call on an unsaturated value; (c) a flattened MISS falls back to resolveStagedFirstStage unchanged, so the decline census keeps its pre-Fix-A attribution; (d) the intermediate stages' lambda-set annotations are DROPPED - they never materialise at runtime because the flat call never dispatches through them (the same trade flattenArrowOnce documents, except nothing reads them here). NO EMISSION CHANGE: Expr.fastDispatchStamp gates on List.length args == List.length abi.paramTypes - argument count against the STAMPED INSTANCE's parameter list, never the callee's curried type - and generateCall's CallGenericApply arm consults it BEFORE generateGenericApplyCoerced, so a StampFlat emits singleton_fast and generateStagedFastDispatchCall is not reached. MEASURED (self-compile): arityOver 12,382 -> 379 (-96.9%), dispatchUpgraded 6,571 -> 17,122 (+160%), .mlir +0.20%, dispatch -22.66%, wall -5.18%; with LSS_038 also on, dispatch -28.13% and wall -7.08%. Removed dispatch is entirely gen (typed unchanged to within 5 counts). Fix A EXPOSES a population it does not fix: declinedBodyMismatch 78 -> 1,204, because sites that died at the arity check now reach the LSS_024 fence - the fence must still decline them (pinned), and running layoutQualMembers=0 drives that population to EXACTLY 0, confirming it is LSS_024's deliberate id sharing and not a defect (reverting costs +5,568 noInstance and +3.3% .mlir for +276 stamps - not worth it). GATES: flag-off byte-identity (a two-binary rail must re-run the OLDER binary on the CURRENT source - comparing outputs across a source change is meaningless); the three lowered arms emit BYTE-IDENTICAL output; E2E 1719/1719; elm-tests at the 12-failure baseline;Compiler/GlobalOpt/AbiCloning.elm peelStages/flattenedResolution/flattenedScan/StampFlat + Compiler/Generate/MLIR/Expr.elm fastDispatchStamp + tests: compiler/tests/TestLogic/Monomorphize/AbiCloningFlatPeelTest.elm + AbiCloningFlatPeelPassTest.elm + plans/lss-instance-qualified-members.md
LSS_040;GlobalOptimization;LambdaSets;implemented;FAST STAMP AT p| PAP-OF-GLOBAL MEMBERS (plans/lss-pap-fast-stamp.md). Under lss.stamp.papFast (env ECO_MONO_LSS_PAP_FAST, hash token lssPF=, DEFAULT-ON since 2026-09-07 on the dispatch counter: 2,041/2,418 sites, -164M generic dispatch, protocol wall FLAT per benchmarks/lss-opt.md Run AP; =0 is the escape hatch) a noInstance site whose member origin is OriginPap g k - a k-applied partial application of global g - is stamped E2-style (AbiCloning.papResolve -> PsStampPap): captureAbi = the UNIQUE matching spec's parameter row split at k (captureTypes = take k, paramTypes = drop k), fastPapPrefix = Just k, fastEvaluatorSpec = Just specId, fastEvaluator = the sentinel AnonymousLambda home (negate specId - 1). The callee expression is NEVER rewritten: the emission loads the k bound arguments out of the PAP object exactly as captures and calls the spec's bare symbol with the full row, so nothing is reconstructed and nothing is dropped - which is why this is sound where a DIRECT rewrite of a p| member (forbidden by Translate.injectPapMember, the recorded traverseTuple miscompile) is not. Guards, every one load-bearing: P1 callee is a MonoVarLocal, P2 peelStages argCount calleeType lands (LSS_039), P3 the spec node is callable code - a MonoDefine/MonoClosure, a MonoTailFunc, or (since 2026-09-07, plan section 11.1) a MonoCtor with at most 24 fields, whose spec IS a func.func of its fields (generateCtor) - a wider ctor declines because computeCtorLayout boxes fields at index >= 24 while the fast call passes Int/Float/Char unboxed, P4 |specParams| == k + |fargs| with eqLayout on drop k specParams and the return, P5 UNIQUENESS never minimum - p| is layout-blind so two specs of g can both match and stamping either could load slot 0 with the wrong kind - two or more matches decline papAmbiguous, P6 no MChar in take k specParams (LSS_011's gate). The bare symbol keeps its un-promoted signature (the $sret/$psplit workers are separate symbols with the plain one as a shim), and generateTailFunc emits the same params-to-return shape, so return-ABI parity holds for both node kinds. One guard chain serves census and stamp (papResolve returns both), so what was measured is what ships. Rides E9.5's indices: inert unless postSettleDevirt is on.;compiler/src/Compiler/GlobalOpt/AbiCloning.elm papResolve/PsStampPap, tests/TestLogic/Monomorphize/AbiCloningPapFastPassTest.elm, test/elm/src/PapFastStampTest.elm
CGEN_080;MLIR_Codegen;Closures;tested;STAMPS BEAT CALL-KIND CLASSIFICATION (plans/pre-mono-lss-transforms-04-alias-forwarding.md 7.2, 2026-09-14). An AbiCloning fast-dispatch stamp (CallInfo.fastEvaluator + captureAbi, placed by Stamp/StampPap/PsStampPap) is consulted by Expr.generateCall on EVERY closure-valued call emission path, independent of the CallKind that annotateExprCalls derived: a stamped single-stage-saturated CallDirectKnownSegmentation call emits the singleton_fast typed eco.papExtend (_fast_evaluator + _capture_abi) exactly as the CallGenericApply arm does, never the typed saturated helper eco_closure_call_saturated. Before this rule the known-segmentation branch routed straight to generateSaturatedCall and discarded the stamp whenever the callee closure was constructed in the same function (a captured PAP after the post-mono inliner copied a HOF body into its caller, or a global passed as a callback) - measured as 21 M dispatches per self-compile falling from fast to typed (benchmarks/call-stats.md Runs 11/12), pre-existing and wider than the alias-forwarding pass that surfaced it. The rule is for closure VALUES only: a MonoVarGlobal or MonoVarKernel callee keeps the saturated path, which calls it DIRECTLY (eco.call @spec) - with LSS_031 a global's own spec IS an instance so such a callee can carry a stamp, and consulting it there diverted 4,691 direct calls per self-compile into papCreate + fast papExtend (measured on the first cut of the fix, retracted the same day). Net: per self-compile 2,666 typed-helper sites become fast, zero direct calls change;test/elm/src/PapCopyStampTest.elm (CHECK-MLIR _fast_evaluator on both callback shapes) and Compiler.Generate.MLIR.Expr.generateCall
CGEN_081;MLIR_Codegen;ClosedWorldReachability;enforced;Closed-world output (an executable, or an object built with --internalize-keep) is erased and internalized in MLIR by EcoReachability (plans/mlir-split-backend-03-reachability.md), placed directly after EcoTailConversions and before the capacity and gc-free planners: every symbol op not reachable from the roots (main and __eco_init_globals, or the keep list with eco_main spelled main) is erased - definitions, globals and declarations, GlobalDCE semantics - and every reached non-root definition with External linkage becomes Internal, recorded as the module flag eco-reach. Edges are EcoSymbolGraph's (an unused llvm.mlir.addressof is no edge, refs held by non-symbol top-level ops are roots). No post-translation step may add a reference to a generated definition and marker expansions reference runtime symbols only, so the LLVM side keeps only a removeDeadConstantUsers sweep (finishReachability) plus, under ECO_REACH_VALIDATE=1, the old internalize + GlobalDCE as an oracle that must remove nothing and relink nothing. __eco_root_module is baked only for .so/.node output. ECO_REACH_MLIR=0 restores the LLVM internalize + GlobalDCE;EcoReachability.cpp|EcoSymbolGraph.cpp|EcoBackend.cpp|eco-boot.cpp|EcoNativeDriver.cpp|CGEN_074|CGEN_072|HEAP_035
CGEN_082;MLIR_Codegen;ConstantThunkFolding;enforced;Constant-thunk folding (plans/mlir-split-backend-04-constant-thunks.md) is a codegen perf layer like nullConsBySpec / constCtorBySpec: ConstThunks.build admits arity-0 MonoDefine specs (never main) whose body is a literal other than String, Unit, a kernel float constant (pi, e), or an alias chain ending at one of those or at a null-cons / Nothing constant (phase 1, constThunks >= 1), or - phase 2A, constThunks = 2, the default - a closed body of those plus lets and saturated calls lowering to a pure non-allocating arithmetic intrinsic (both the MonoVarKernel and the elm/core global routes, plus kernel logBase) within 24 nodes. generateVarGlobal emits the thunk's OWN body at the reference instead of the eco.call, under a fresh lexical scope (varMappings, currentLetSiblings, externBoxedVars, splitAggParams, decoderExprs, fwdRefdLetNames, tailRecLetBody and sretTailLayout reset and restored, accumulators threaded, definedSsaVars kept), then coerces to the thunk's ABI return type, so values, poison and guard semantics equal calling the thunk. The thunk's func.func is unchanged and still returns the same value for any path not routed through the map. Env ECO_CONST_THUNKS=0|1|2 (hash token cthk=N), census ECO_CONST_THUNK_REPORT=1. With it the cgu IPSCCP prologue is default-off (ECO_IPO_PROLOGUE=1 restores it);ConstThunks.elm|Expr.elm|Backend.elm|Context.elm|Config.elm|EcoBackend.cpp|CGEN_068|CGEN_079|CGEN_019|HEAP_035
CGEN_083;MLIR_Codegen;EcoSplit;enforced;EcoSplit (plans/mlir-split-backend-05-ecosplit.md): with EmitObjectFile output, parallel-opt cgu or dev, -O>0, no rs4gc-after-opt, a multithreaded MLIRContext, ECO_MLIR_SPLIT not 0 and the shared partition policy giving N > 1, the final llvm-dialect module is partitioned in MLIR instead of translating one llvm::Module - LPT ownership on MLIR op counts, globals at the owner of their first referrer, $cap import copies cloned as available_externally (the Call-bit closure into $cap bodies owned elsewhere, only when the $cap prepass will run), declarations cloned with ALL attributes for every other referenced symbol, llvm.module_flags cloned into every partition plus eco-list-chunks for the one whole-module expansion gate (the get-tag Tag_ConsChunk compare, whose eco_enable_list_chunks call lives only in main). EcoSplit hard-errors in release builds when any declaration or copy does not carry exactly its owner's eco-cap-* facts (01 S6). Each partition is translated on its own thread into its own LLVMContext and lowered by runEcoBackend in partition-worker mode (splitEligible true, splitCodegen 1, own TargetMachine): owned functions referenced from another partition become External + hidden before the $cap prepass, import copies are dropped back to declarations right after it (unconditionally), every local is externalized after the gc-free finish, and no available_externally function may reach RS4GC (hard error, all modes). Whole-module validate twins (01 compute mode, 02 gc-free twin, 03 DCE oracle and address-taken cross-check) are bypassed per partition and run on the translate-whole path (ECO_MLIR_SPLIT=0). Diagnostic files written by workers get a .p<i> suffix. The (X) gc-leaf join runs over the workers' reports. Function bodies equal the translate-whole path's modulo phi incoming order B4 (plans/mlir-split-backend-06-partition-boundaries.md): an owned $cap with no Address or CallMismatch in-edge is exported by its owner only AFTER the prepass and only if it survived it - the prepass mark is computed identically on identical bodies in every partition, so when the owner's AlwaysInliner deleted the body every importer inlined its copies too - and the driver hard-errors if an importer kept a marked copy of a body its owner deleted. Every function body equals the translate-whole path's modulo phi incoming order, with no extra functions.;EcoSplit.cpp|EcoBackend.cpp|eco-boot.cpp|EcoNativeDriver.cpp|EcoSymbolGraph.cpp|CGEN_072|CGEN_074|CGEN_081
LSS_041;Monomorphization;LambdaSets;implemented;THE LSS FLAGS ARE FIXED AT THEIR DEFAULTS (plans/fix-lss-flags-at-defaults.md, 2026-09-18). 31 of the 32 flags were removed WITH the branch each one gated, so every mechanism this file attributes to a flag - lss.layoutQualMembers, lss.sigFlow, lss.arrowSolverRoots, lss.arrowIdentity, lss.groundStandalones, lss.rootFold, lss.muTie, lss.postSettleDevirt, lss.devirtFnGlobals, lss.instanceQual, lss.stamp.papFast, lss.stamp.flatPeel, lss.keyed, lss.papMembers, lss.regIdentity, lss.refIdentity, lss.refPapSpine, lss.injTotal, lss.rsTop, lss.destrAnno, lss.settle.*, lss.flow.* - is now UNCONDITIONAL under lss.enabled. Those rows stay TRUE; only the flag NAMES in them are historical, exactly as lss.spineArity and lss.callArgFlow already are. LssConfig is 7 fields: enabled, maxSetSize, maxSpecsPerGlobal, report, qCensus, arrowCensus, stamp{maxInstances,census} - one switch, three numeric caps (kept as POLICY, not flags: a cap is read at one site and imposes no boundary), four censuses. CONSEQUENCE: there is no per-mechanism bisection. A deleted ECO_MONO_LSS_* variable is a SILENT NO-OP, so a stale flag-off benchmark row is indistinguishable from a genuinely inert flag; benchmarks/flag-off-lss-{solo,run}.sh and flag-off-lss-loop.md carry expiry banners for that reason. The gate that replaced the flags is benchmarks/mlir-workload-rail.sh - 633 external workloads, MLIR sha256 plus per-workload LSS census;compiler/src/Compiler/Eco/Config.elm|benchmarks/mlir-workload-rail.sh|plans/fix-lss-flags-at-defaults.md

HEAP_047;Runtime_Heap;CellStore;retired;RETIRED 2026-10-04 by plans/remove-cellstore.md: Eco.CellStore was deleted and the union-find point store (IO.State.ioRefsPoint) is an immutable Array threaded by value again, so there is no off-heap mutable store and no handle to keep linear. Former text: ECO.CELLSTORE IS OFF-HEAP MUTABLE STORAGE, ROOTED BY AN EXTERNAL SCANNER (plans/lss-compile-time-optimizations.md step 3, 2026-09-19). The union-find cell vector (IO.State.ioRefsPoint) is an Eco.CellStore: a std::vector of encoded HPointer words plus an undo trail, held in eco-kernel-cpp/src/eco/CellStore.cpp OUTSIDE the Elm heap, with both the cells and the trail registered via RootSet::addExternalRootScanner and evacuated in place at minor-GC phase 1d - the HEAP_040 / Eco::Kernel::MVar pattern. (a) It MUST NOT become a heap object: the generational collector has no write barrier, no remembered set and no card table, and HEAP_005 (no old-to-young pointers in the heap) is what licenses that, so a promoted heap object mutated to hold a nursery pointer would be invisible to a minor GC. (b) The TRAIL is scanned as well as the cells: a value a rollback may restore is live even though no cell currently holds it. (c) Handles are dense int64_t ids that are NEVER reused; a disposed handle aborts on use rather than aliasing another store. (d) There are no finalizers, so disposal is explicit (disposeThen/renew/release) and must stay DATA-DEPENDENT - a discarded let binding may be dropped by the optimizer. (e) A leaked store is not a crash but a permanent GC cost: it is scanned at every collection and keeps its cells' objects alive.;eco-kernel-cpp/src/eco/CellStore.cpp|eco-kernel-cpp/src/Eco/CellStore.elm|compiler/src-xhr/Eco/CellStore.elm|System.TypeCheck.IO|Data.IORef|HEAP_005|HEAP_020|HEAP_040|FORBID_HEAP_003

KERN_007;MLIR_Codegen;CellStoreLinearity;retired;RETIRED 2026-10-04 by plans/remove-cellstore.md: Eco.CellStore was deleted and the union-find point store (IO.State.ioRefsPoint) is an immutable Array threaded by value again, so there is no off-heap mutable store and no handle to keep linear. Former text: CELLSTORE HANDLES ARE LINEAR (plans/lss-compile-time-optimizations.md step 3, 2026-09-19). Eco.CellStore mutates ONE store in place, so after set/push/rollback/commit/renew/release only the handle those functions RETURNED may be used; a read through an older handle observes the new contents. Every mutator returns the handle precisely so that threading it makes the ordering a data dependency - Elm let bindings are sorted into dependency order and independent ones are NOT ordered, so a read and a write of one store may never sit side by side as independent bindings. (a) Eco.CellStore.new and every 'fresh store' minter (System.TypeCheck.IO.freshState, MonoSolver.Engine.freshStore) MUST take an argument: a zero-argument definition is a memoised CAF and every fresh store would be the same object. (b) A caller that SPECULATES and abandons the attempt cannot recover by keeping an older state value; it must bracket with Engine.markStore / rollbackStore. The three such callers are Store.unifyBestEffort, Translate.unifyStepBestEffort and Translate.classifyRef. (c) A cell crosses the kernel ABI BOXED, so Store must never be instantiated at Int, Float or Char; KernelAbi.kernelInstanceSymbol fail-stops on the set/push arms (REP_ABI_001). (d) CellStore is deliberately ABSENT from KernelFacts, so it is never CSE'd, hoisted or dropped, and CafHoist excludes it explicitly.;eco-kernel-cpp/src/Eco/CellStore.elm|Compiler.Type.UnionFind|Compiler.MonoSolver.Engine|Compiler.MonoSolver.Store|Compiler.MonoSolver.Translate|Compiler.Generate.MLIR.KernelAbi|Compiler.GlobalOpt.CafHoist|REP_ABI_001|KERN_006
HEAP_048;Runtime_Heap;OldGenStableBlockIds;enforced;OLD-GEN BLOCKS HAVE STABLE IDS AND METADATA STORAGE NEVER MOVES (plans/threaded-gc-01-stable-metadata.md, 2026-09-24). Every old-gen block has a BlockId assigned by BlockTable::add (OldGenSpace::materializeBlock is the one entry point) and stable until the block is released - ids are recycled LIFO only after release. The block's BlockInfo, BufferMetadata, large-mark byte, MarkBitArena slot and LiveBytesAccumulator entry live at fixed addresses: all storage is ReservedArray, VA-reserved at OldGenSpace::initialize for max_blocks = old-gen reservation (Allocator::getOldGenReservationBytes = nursery_offset) / alloc_buffer_size + 1, committed on demand, and never reallocated or moved (OldGenSpace::geometryFor - 8 TB reserves ~130 GB of VA per heap and costs memory only for used ids). Iteration ORDER (BlockTable order) is distinct from identity and reproduces the former std::vector<BlockInfo> exactly, including swap-remove on release and order-preserving erase in compaction, because lazy-sweep order, first-fit reuse and reclaim order depend on it. Only loop variables and the two cursors sweep_buffer_index_ and fixup_buffer_index_ are positions - every other stored block reference (mark-stack entries, free_large_blocks_, evacuation_set_, evac_block_index_, page-index owners) is a BlockId (a struct with no implicit integer conversion). Only the owning heap's mutator thread releases blocks or recycles ids, at points where no GC work item holds an id. large_body_index_, free_large_blocks_, unassigned_blocks_, free_lists_ and the mark stack are owner-only. ECO_HEAP_VALIDATE re-derives the order/pos bijection, stored-reference liveness and storage stability at every major GC, release batch and 64th minor GC. Each id carries a generation (BlockTable::generation, a monotone ReservedArray<uint32_t> gen_), incremented at every materialization (BlockTable::add) and never reset (clear() keeps it), so a same-id re-issue is a distinct incarnation (CR-036, 2026-09-30: IM5 keys on it). BlockInfo stays 40 bytes.;runtime/src/allocator/BlockTable.hpp|runtime/src/allocator/ReservedArray.hpp|runtime/src/allocator/OldGenSpace.cpp|HEAP_007
HEAP_049;Runtime_Heap;OldGenPageIndex;enforced;THE OLD-GEN PAGE INDEX COVERS THE WHOLE RESERVATION AND IS NEVER REBUILT (plans/threaded-gc-01-stable-metadata.md). Slot = (p - heap_base) / alloc_buffer_size over [heap_base, heap_base + nursery_offset) - VA-reserved at initialize, committed through region_end_ wherever region_end_ grows (OldGenSpace::commitPageIndexThrough, also from Allocator::ensureOldGenCapacityFor), and maintained incrementally: assigned at materialize, cleared before release on BOTH removal paths (releaseBlockToAllocator and compaction's freeEvacuatedBuffers). A region-bounds change only recomputes region_base_/region_end_. A slot has at most two owners because every block is >= alloc_buffer_size (a third is a validator abort). Owners are stored as BlockId.v + 1 so a fresh zero-filled slot means empty. blockIdFor keeps the region-bounds early-out and MUST bounds-check the slot against the committed count (uncommitted slots are PROT_NONE) - it has no linear fallback. threaded-gc-05c (HEAP_065): background markers read the index while the owner adds blocks, so owner words are stored with release (storeOwner) and loaded with acquire (loadOwner) after materializeBlock has written the BlockInfo and mark slot. ReservedArray committed counts are atomics (release after the commit syscall, acquire on read) and the region bounds are relaxed atomics written only through setRegionBase/setRegionEnd (recomputeRegionBounds included, CR-009) and read only through regionBase/regionEnd (during a cycle the region only grows). The single writer's own reads of the bounds and of owner words also go through atomic_ref (regionBase/regionEnd, loadOwnerRelaxed - relaxed, plain moves on x86) because markers may hold an atomic_ref to them ([atomics.ref.generic]/3, CR-021).;runtime/src/allocator/OldGenSpace.cpp|HEAP_048|HEAP_043
HEAP_050;Runtime_Heap;MarkBitArena;enforced;OLD-GEN MARK BITS LIVE IN A FIXED PER-ID ARENA SLOT (plans/threaded-gc-01-stable-metadata.md). Block id's bitmap (1 bit per 8-byte slot) is at arena + id * stride with stride = round_up(alloc_buffer_size / 64, 64) and a per-id valid length (bitmap bytes for a regular block - 0 for is_large and free ids, whose liveness is the BlockTable large-mark byte). The `byte_index >= len` guard is load-bearing. MarkBitArena::assign zeroes a slot whenever an id is (re)materialized - drop() zeroes it on the flip to is_large - retire() empties it on release. startMark (MarkBitArena::clearForMark) zeroes EVERY live slot and live large-mark byte - the bulk clear is load-bearing because a set bit can survive a block sweep walked to completion (gc-opt-loop W11b) - then discards runs of free-and-dirty slots to return their RSS. There is no re-pack and no per-block offset table. The arena is a 2 MiB-aligned ReservedArray committed and discarded in whole 2 MiB granules so it stays eligible for transparent huge pages (4 KiB pages measured ~1 % slower on mark). clearForMark also runs at t0 of an incremental mark cycle (HEAP_063, OldGenSpace::prepareMark shared by startMark and beginMarkCycle). With parallel marking (HEAP_064) the bits and large-mark bytes are set by atomic fetch_or / exchange (std::atomic_ref, relaxed: the bit only arbitrates who scans). threaded-gc-05c (HEAP_065): during a cycle, mutator allocate-black on the non-cursor paths (mixed pops, splits, bag pages, large blocks) is an atomic fetch_or / store (setMarkBitAtomic) because a background marker may set other bits of the same byte. The cursor (finalizeBitmapCell) keeps its plain bit set because mid-cycle it owns only blocks created after t0 (validator IM13).;runtime/src/allocator/BlockTable.hpp|runtime/src/allocator/OldGenSpace.hpp|HEAP_048
HEAP_051;Runtime_Heap;LiveBytesAttribution;enforced;MARKING ATTRIBUTES LIVE BYTES ONLY TO A LIVEBYTESACCUMULATOR (plans/threaded-gc-01-stable-metadata.md). markOneObject adds the object's walk-step bytes to the marker's LiveBytesAccumulator (indexed by BlockId), never directly to BufferMetadata::live_bytes - the allocator side (allocate-black in initObjectHeaderWithSize, the large-block reuse paths, freeLargeBodyCell) writes only BufferMetadata. The accumulator is merged into BufferMetadata::live_bytes as the FIRST action of finalizeMetaAfterMark (the mark->sweep sync point), before any post-mark reader, and is all-zero outside [resetBufferMetaForMark, merge] (validator-checked). Marking is stop-the-world and both writers only add, so the merge is exact - freeLargeBodyCell's clamped subtraction folds that id's entry first when marking_active. Phase 4 gives each marker thread its own accumulator, merged at the same statement. During an incremental mark cycle (HEAP_063) allocate-black writes only BufferMetadata::live_bytes, the accumulator's sum at the handoff is the cycle's traced live (threaded-gc-05a). threaded-gc-05b (HEAP_064): one LiveBytesAccumulator per marker (OldGenSpace::MarkWorker::live), merged in index order at finalizeMetaAfterMark (markLiveMergeAll), V5 checks every marker's accumulator. Validate builds check it twice: all-zero right after markLiveMergeAll (2026-09-29; a skipped merge before a run's last cycle was otherwise never seen) and again at the next mark start. The allocator side writes BufferMetadata in EVERY phase (HEAP_073, CR-018, 2026-09-30), atomically while a parallel promotion is active (par_promo_active_) or the cell is allocated black. The S1 half of CR-001 (a stash cell finalized at Idle left uncounted) is closed by HEAP_073; its race half (gc_phase_ read outside promo_mu_) by HEAP_067's atomic_ref rule (2026-09-30).;runtime/src/allocator/BlockTable.hpp|runtime/src/allocator/OldGenSpace.cpp|HEAP_048
HEAP_052;Runtime_Heap;FreeListBackLink;enforced;OLD-GEN FREE-LIST BACK-LINKS ARE ADDRESSES (plans/threaded-gc-01-stable-metadata.md). A Tier-M free cell's class-list predecessor is encoded as its address >> 3 (40 bits - heap addresses are < 2^43): the low 32 bits in FreeCellMid::prev_lo and the high 8 bits in Header.refcount[0,8) of the SAME Tag_Free cell, with refcount bit 8 marking the head of its class list. Header.refcount is otherwise unused on Tag_Free cells - only setPrevHead / setPrev / copyPrev (OldGenSpace.hpp) write these bits, and getPrev decodes them without reading block metadata. Tier-M threading requires only a block context, not a bounded block count (the former {16-bit block index, offset} CellHandle capped it at 65,535 blocks and silently disabled threading above). Validator V6 checks every back-link against the actual predecessor.;runtime/src/allocator/OldGenSpace.hpp|runtime/src/allocator/OldGenSpace.cpp|HEAP_048
HEAP_053;Runtime_Heap;GCStateIsPerHeap;enforced;COLLECTION CODE READS PER-HEAP STATE, NEVER THE CALLING THREAD'S TLS (plans/threaded-gc-01-stable-metadata.md). A heap's collection code reads that heap's own state: nursery membership through OldGenSpace::nursery_ (bound by the ThreadLocalHeap constructor - not Allocator::isInNursery, which resolves tl_heap_), the in-minor-GC flag (OldGenSpace::in_minor_gc_ / NurserySpace::minor_gc_running_, set and cleared by NurserySpace::minorGC - formerly thread_local g_in_minor_gc) and the batch-release depth (OldGenSpace::batch_release_depth_). Thread-local state is allowed only for mutator-only state (eco_tl_bump_state, eco_tl_root_*, the ListScratch stack, the unwind context) and for per-worker validator diagnostics (g_scan_parent/tag/size, g_push_origin, g_first_push_origin). ECO_HEAP_VALIDATE asserts the bound nursery agrees with tl_heap_'s on the mark path.;runtime/src/allocator/OldGenSpace.hpp|runtime/src/allocator/NurserySpace.cpp|HEAP_007
HEAP_054;Runtime_Heap;BitmapAllocation;enforced;UNIFORM OLD-GEN BLOCKS ALLOCATE FROM THEIR MARK BITMAP (plans/threaded-gc-02-bitmap-allocation.md, 2026-09-25). With HeapConfig::old_gen_bitmap_alloc, a uniform block's mark bitmap is its allocation map: a cell-start bit is set <=> the cell is allocated (live at the last mark, or allocated since). Uniform blocks are never lazily swept: classifyBlocksAfterMark (every finishMarkAndSweep overload, after reclaim/shrink, before recomputeSweepPendingBlocks) marks them fully_swept and queues each partially free one on partial_[class] in position order. Per class one AllocCursor owns at most one block (BlockInfo.alloc_state Current) and scans its bitmap with bitscan::nextFreeCell, setting the bit on allocation - cursors and queues are reset at startMark. A block is detached (detachFromAllocation) before it is released, flipped to large, demoted or compacted. A uniform block's live_bytes equals popcount(cell-start bits) x cell_bytes outside the mark window (validator V8). Virgin blocks (unsliced, all-clear bitmap) replace populateFromBlock at exactly its ladder rungs - never above a reuse rung (the W6 rule). Demotion to mixed happens iff live_bytes <= HeapConfig::demote_live_fraction x totalBytes (default 0.3, chosen by experiment E1 - plan §9 item 9 - 0.5 is the former live*2 <= total), and 0.0 disables demotion entirely (an explicit early return). One owner per block is the promotion-buffer shape threaded-gc phase 6 extends to one cursor per thread. The bitmap is the allocation map OUTSIDE a mark cycle: during an incremental cycle (HEAP_063) the bitmaps of blocks that existed at t0 hold mark bits only (clearForMark erased the allocation record), so no allocation is served from those blocks until the handoff's classifyBlocksAfterMark re-queues them - the cursor serves only virgin blocks created after t0 (threaded-gc-05a). threaded-gc-06 (HEAP_067): inside a parallel minor each worker has one cursor per class. With one worker it adopts the mutator's cursor_[] (the exact reference). With N > 1 the workers share ONE current block per class and claim chunks of it (units of 64 cells, so a chunk owns whole 64-bit bitmap words - the unit bitscan::loadWord reads, whole bytes would not be enough (CR-022) - a claim growing 1 to 16 units per worker per minor) by CAS on a per-class word, the shared block obeys IM13, at the merge it becomes the mutator's cursor again and blocks retired with cells left in a worker's last chunk are re-queued at the FRONT of partial_[class]. Worker cursors exist only between beginParallelPromotion and endParallelPromotion. Outside that window at most one cursor per class exists. Rungs 2-8 of the ladder run under the promotion mutex, and a sweep that completes inside a multi-worker promotion defers onSweepComplete to the merge. threaded-gc-07 (HEAP_070): a block in alloc_state kAllocTenure is owned by one tenure job from grant to merge. The grant takes partial_ front blocks (never the mutator's Current cursor block, which classifyBlocksAfterMark can queue) then virgin blocks, and returns blocks with free cells to the FRONT of partial_ in grant order. Inside a parallel minor with N > 1 workers, allocateFromEmptyRegularBlocks flips nothing (CR-016, plans/threaded-gc-register-fixes.md 3.4, 2026-09-30): chunks and stashes are invisible to it, so live_bytes == 0 is not a fact there, and allocateLargeBlock takes a free large block or a fresh one. With N = 1 the flip stays (no stash, no chunks, and the worker flushes before it retires a block, the Current skip still applies). M4 ReleasedSafe, mutant flip_in_parallel.;runtime/src/allocator/OldGenSpace.cpp|runtime/src/allocator/BitmapScan.hpp|runtime/src/allocator/BlockTable.hpp|HEAP_050|HEAP_021|HEAP_024
HEAP_055;Runtime_Heap;GapSweep;enforced;THE MIXED-BLOCK LAZY SWEEP READS ONLY LIVE HEADERS (plans/threaded-gc-02-bitmap-allocation.md). With old_gen_bitmap_alloc, lazySweep over a mixed block walks its set mark bits (bitscan::nextSetBit), which are exactly its live objects (marking set them - nothing allocates into an unswept block - startMark cleared stale ones), reads each live object's header only to step over it, clears its bit, and flushes each maximal gap between live objects as one coalesced free run (pushCoalescedFreeCell). It never reads a dead object. work_done still counts span bytes covered, so the pacing knobs keep their units. After a block completes, a header walk over [start, end_of_objects) parses exactly (validator V11), walked when the block completes, or, for a block completed inside a parallel promotion with N > 1, in endParallelPromotion after the join and the stash return (CR-028, plans/threaded-gc-register-fixes.md 4.4, 2026-09-30: a worker may still be writing a cell it popped from the block). Inside a parallel promotion the gap sweep's plain word reads and clearBit on the block under the cursor are exclusive under promo_mu_: a free cell of a block that is not fully_swept (while gc_phase_ == Sweeping: OldGenSpace::cellInUnsweptBlock) is finalized before promo_mu_ is released and is never stashed; only cells of fully swept blocks are finalized outside the lock (CR-002, register-fixes 4.3, 2026-09-30; validator PM8; M4 NoRaceBitmap, mutant finalize_outside_lock; GenMC W3c, mutant W3_CR002_UNLOCKED_FINALIZE).;runtime/src/allocator/OldGenSpace.cpp|runtime/src/allocator/BitmapScan.hpp|HEAP_024
HEAP_056;Runtime_Heap;DeadBodyRetirement;enforced;DEAD NURSERY-OWNED LARGE BODIES ARE RETIRED AT MARK END (plans/threaded-gc-02-bitmap-allocation.md). large_body_index_ holds only nursery-owned bodies (promoteLargeHeader erases promoted ones). With old_gen_bitmap_alloc - where neither the gap sweep nor the bitmap cursor reads dead headers - classifyBlocksAfterMark first runs retireDeadLargeBodies: every entry whose body lies in a non-large block and is unmarked is erased and its large_bodies_ slot's body_base cleared (the id is not recycled, exactly as the former header sweep did), before any cell can be reused. Bodies in is_large blocks are retired by the eager is_large decision in the same function. Otherwise a later sweepNurseryLargeBodies -> freeLargeBodyCell would free a reclaimed cell a second time (validator V12). With an incremental cycle (HEAP_063) retirement runs at the handoff, after the deferred frees of HEAP_026. CR-035 (plans/threaded-gc-register-fixes.md 3.3, 2026-09-30): allocateFromEmptyRegularBlocks retires every index entry inside the flipped block (retireIndexRange, the same retire semantics: erase, body_base cleared, id NOT recycled) before placing the new object at its start, so no stale key can later be erased by a dead meta's free (validate: the Class-4 post-check, message 'flip'). M8 IndexFaithful / NoLostObject, mutant flip_keeps_index.;runtime/src/allocator/OldGenSpace.cpp|HEAP_026|HEAP_054
HEAP_057;Runtime_Heap;MajorTriggerLiveBudget;enforced;A MAJOR GC IS ALSO TRIGGERED BY ALLOCATION AGAINST A GROWTH-BOUNDED LIVE SET (plans/threaded-gc-02-bitmap-allocation.md §9 item 7, 2026-09-25). The garbage-fraction trigger ((allocated - post-sweep live) / committed >= major_gc_garbage_fraction) sizes the heap at about gf/(1-gf)+1 times the live set seen at ONE instant, so a major landing on a transient live-set peak sizes the next cycle for the peak (measured: legacy 4-7 majors and 8.8-16.2 GB old-gen peak across gf 0.65-0.75). evaluateMajorGCTrigger therefore also returns LiveBudget when bytes allocated since the last major reach major_gc_live_budget x min(L_i, live_growth_bound x L_{i-1}), where L_i is the mark-derived live set recorded by finalizeMetaAfterMark (major_live_, prev_major_live_). Defaults k = 3.0 (4.5 until 2026-09-29, gc-opt-loop row LB3), r = 1.5, and 0 disables each (RESOLVED 2026-09-29: the k = 3.0 validate failure was not LiveBudget's - its majors only exposed a region-nursery YLOS address-reuse bug (register CR-034), fixed as HEAP_072, and a negative control that relied on a later cycle (CR-030), now caught at the merge (HEAP_051); the validate gate passes at k = 3.0, and the policy-only claim below stands). Both allocator modes. In bitmap mode the garbage-fraction denominator may be capped at garbage_denom_cap x committed at the last major (default 0 = uncapped: the cap only added a major once LiveBudget bounds the peak). Policy, not correctness: every value is safe. With incremental_mark (HEAP_063), L_i is the bytes the cycle's marker TRACED (allocate-black bytes excluded, equal to total live for a STW major), and no trigger is evaluated while a cycle is active (threaded-gc-05a). threaded-gc-05c Part B (HEAP_066): paced by default (major_gc_live_budget_paced - fires when alloc_since_major + H_c * P_hat >= k * live_ref) and the garbage fraction optionally demoted to a backstop (major_gc_garbage_backstop).;runtime/src/allocator/OldGenSpace.cpp|runtime/src/allocator/AllocatorCommon.hpp|HEAP_054
GC_DET_001;Runtime_Heap;DeterministicGCDecisions;enforced;EVERY GC POLICY DECISION IS INDEPENDENT OF HELPER-THREAD PROGRESS (plans/threaded-gc-03-helper-threads.md, 2026-09-25; report design_docs/parallel-gc.md §10). Collection triggers, promotion, nursery sizing, which block or extent an allocation receives, and heap growth and shrink are functions of mutator allocation and of state observed at a mutator sync point, never of how far a helper job got. Mutator code may inspect a helper job only to WAIT for it (a stall), never to choose between outcomes; only GCHelperPool and PageWork read HelperJob::state. gc_thread_mode 1 (sync: jobs run inline at their post point) is the reference: mode 2 (concurrent) and mode 2 with ECO_GC_HELPER_JITTER_US must reproduce its GC counters exactly (unit test testDecommitModesAgreeOnCounters; self-compile gate G8). The incremental mark cycle's schedule (HEAP_063) is fixed at t0: slice budgets are a deterministic function of the previous cycle's units, and the handoff is at minor t0 + T + 1 regardless of mark progress, except a pressure finish (occupancy at a sync point) or a join (threaded-gc-05a). threaded-gc-05b (HEAP_064): the number of markers and their scheduling never affect a decision - units are exact tickets, so every counter is identical at every gc_mark_threads and under ECO_GC_HELPER_JITTER_US. threaded-gc-05c (HEAP_065): background-marking progress (finishedApprox, consumed tickets, markWorkApprox) may decide only pause-internal work (whether and how much to assist, when to merge counters, relaunching a stopped episode), never a trigger, the schedule, allocation or the tail. Every decision counter and the units of every cycle are identical at conc_mark 0/1/2, every B and under ECO_GC_HELPER_JITTER_US (E1). Part B pacing (HEAP_066) reads only mutator allocation. threaded-gc-06 (HEAP_067): with gc_minor_threads > 1, WHICH old-gen cell or to-space address a copy receives depends on the copy schedule. Object-level quantities (every minor's survived/promoted counts and bytes, per-tag totals, the object-byte trigger and nursery growth of HEAP_068, objects allocated) are identical at every gc_minor_threads and under ECO_GC_HELPER_JITTER_US. Decisions that read old-gen placement (committed bytes in GlobalPressure/Headroom/the garbage-fraction denominator, per-block live fractions for demotion/release/compaction, allocated_bytes via path-dependent charges) are schedule-dependent at N > 1 and are judged by distribution (plan E7), not identity. No decision reads worker progress: the per-minor worker choice reads only object bytes and configuration. gc_minor_threads = 1 runs the serial Cheney path and is the exact reference. threaded-gc-07 (HEAP_069/HEAP_070): the tenure job's inputs (start set, heal list, grant, YLOS snapshot) are fixed in the hand-over pause and its outputs merge at the next pause in both tenure modes. Collector progress (finishedApprox) may decide only whether the pause waits or helps and with how many workers. With gc_minor_threads = 1 and the exact engine (tenure_collector_threads = 1), tenure_mode 1 and 2 are bit-identical in every counter, placement and decision, under ECO_GC_HELPER_JITTER_US and forced stops. Against the legacy nursery every object counter is identical (tenured counts one minor later, P§3.18), while old-gen placement and the major sequence may differ and are judged by distribution. With tenure_collector_threads > 1 placement is schedule-dependent (layout class). Per process = per heap under HEAP_007 (one live mutator per process, CR-012 option F, 2026-10-01): with the multi-mutator opt-in (benchmark driver, test harnesses) decisions may read other heaps' shared state and are not deterministic per heap (won't-fix). CR-007 (register-fixes 6.3, 2026-10-01): the no-wait acquire policy of a promotion holder with n > 1 reads only pending_ membership, the free-list order, the bump and n, so modes 1, 2 and 2+jitter stay identical in every counter including the nowait_* ones. Mode 0 (no PageWork, no policy) then differs from them at N > 1 in placement counters only (fresh, reuse, hiwater), and testDecommitModesAgreeOnCounters compares it on object-level quantities there. Explicit collections (HEAP_076, plans/frontend-heap-release.md 2026-10-01) are mutator-chosen sync points, and report observations never feed decisions.;runtime/src/allocator/GCHelperPool.cpp|runtime/src/allocator/PageWork.cpp|HEAP_058|HEAP_076
GC_MODEL_001;Runtime_Heap;ConcurrencyModelCanary;enforced;EVERY PIN IN test/tla/manifest.txt MATCHES THE CODE IT PINS, AND EVERY HASH CHANGE IS JUSTIFIED BY AN AUDIT.md ENTRY IN EVERY MODEL THAT NAMES IT (plans/threaded-gc-tla-verification.md section 7, 2026-09-29). The TLA+ models of the threaded GC's concurrent protocols (test/tla/M1..M7) and the weak-memory drivers (test/genmc: W1-W5, w_pool_done, w_running_chain) each describe specific C++ code, the manifest pins that code as whole files, TLA-REGION(<id>) begin/end regions (comments stripped, whitespace collapsed), per-file censuses of every atomic/memory-order/lock line in runtime/src/allocator, and the footprint rows' re-derivation greps (test/tla/footprint-greps.txt: the 05c H1-H15, 06 P6.M1-M17 and 07 T1-T11 audit rows plus canary greps). test/scripts/check-tla-manifest.sh runs in ALL (target tla-canary, about a second, only when an input changed) and fails when a pin's hash changes, when a TLA-REGION marker is unpinned or unpaired, when a model in test/tla/models.txt (or a driver family in test/genmc/drivers.txt) has no pin or a pin names an unknown model, when a footprint row appears in no model's MAPPING.md outside the generated pin list, or when an allocator file with a concurrency line has no census pin. --update refuses a changed hash until every named model's AUDIT.md quotes the new hash's first 12 hex digits: the re-audit verdict (no model change needed, or model updated and tla-check re-run) is written before the manifest accepts the code. ECO_TLA_CANARY=warn reports without failing, for work in progress, gates run strict. Same shape as LSS_022's kernel license manifest: a guard that only checked hashes would let new concurrency code arrive unguarded, hence the coverage checks.;test/scripts/check-tla-manifest.sh|test/tla/manifest.txt|test/tla/footprint-greps.txt|test/tla/README.md|CMakeLists.txt|LSS_022|GC_DET_001
HEAP_058;Runtime_Heap;GCHelperHandshake;enforced;GC HELPER JOBS ARE POSTED ONLY AT MUTATOR SLOW PATHS AND COLLECTED ONLY AT ALLOCATOR SLOW PATHS (plans/threaded-gc-03-helper-threads.md). Posts happen at the outermost pause end (ThreadLocalHeap PauseEndHook -> Allocator::onGCPauseEnd, the sync point) and waits in acquireOldGenBlock / releaseOldGenBlock, all under Allocator::thread_mutex_. The waiter is the mutator or (threaded-gc-06/07, CR-026) a GCMarkGang member inside a minor pause that holds promo_mu_ (the parallel minor's virgin-block and bag-page rungs, a sweep completing in a mutex rung, the pause tenure engine) - such a wait is a pause stall (Allocator::callerInPause counts a running gang member as in the pause, CR-025). Publication: a posted job reaches its worker through the GCHelperPool mutex (post enqueues under it), and the worker stores Done with release and the owner observes it with an acquire load (wait's fast path, isDone, isIdle) OUTSIDE the mutex, so the job's effects are published by that release/acquire pair, not by the mutex (GenMC guard test/genmc/w_pool_done.cpp passes, and its four mutants that weaken the Done store or the fast-path loads to relaxed race on the job's payload). There is no fence, atomic or lock on any mutator fast path (compiled bump, allocate, the bitmap cursor, promotion). Workers never take thread_mutex_, so the mutator may wait for a worker while holding it. GCHelperPool.{hpp,cpp} and PageWork.{hpp,cpp} include nothing from the allocator (helpers cannot reach heap objects through the include graph; the pair is TSan-tested standalone in test/gc-helper-tsan). gc_thread_mode 0 creates no pool and no PageWork: today's path byte for byte. GCMarkGang runs (threaded-gc-05b, HEAP_064) are not posted jobs: they start and join inside a pause, on the gang's own threads, never through the FIFO pool. threaded-gc-05c: GCBackgroundGang episodes are launched at the end of the t0 pause and joined at a later pause (a cycle step, the closing step, a join, reset, fork prepare or process exit). They are not posted jobs. A promo_mu_ holder waits on a helper job only in that cap fallback (HEAP_059, CR-007) or with one promotion worker (no other member to stall). Validate builds abort a block or page release while a parallel promotion with n > 1 is active (M7 lock_order_nostall passes, lock_order_stall is the cap fallback, mutant nowait_off). FORK (CR-003/015, plans/threaded-gc-register-fixes.md 7.2 step 3, 2026-10-01): post does the Idle->Posted CAS and the enqueue in one m_ section (Sync mode keeps its CAS outside: it runs the job inline); the fork prepare holds thread_mutex_ (GCFork's allocator layer, before the pool), then drains the pool and keeps m_ held in one section (M6 pool_host_fork_stranded / _locks / pool_host_child_hang pass; mutants pool_as_built_2026_09, pool_no_tm_cas_outside, pool_no_tm_drain_split, pool_no_tm, pool_tm_last). thread_mutex_ is taken AFTER the gangs' locks and before the census and the pool (HEAP_075).;runtime/src/allocator/GCHelperPool.cpp|runtime/src/allocator/Allocator.cpp|GC_DET_001|HEAP_007
HEAP_059;Runtime_Heap;DeferredDecommit;enforced;WITH gc_thread_mode != 0 A RELEASED OLD-GEN EXTENT IS DISCARDED LATE AND NEVER UNDER ITS NEW OWNER (plans/threaded-gc-03-helper-threads.md P§3.6). releaseOldGenBlock records the extent Pending (still resident) instead of madvise(MADV_DONTNEED); it stays in old_gen_free_blocks_ exactly as before. At the first sync point where it has stayed unused past decommit_delay_majors major GCs (default 1: a block not reused within one major cycle is surplus) or past decommit_delay_syncs pause ends (default never; E1 found no finite pause-end delay within 10 % of the refault savings), or earlier while pending bytes exceed decommit_pending_max_bytes (default 0 = no cap: a 1 GiB cap gave back 5.9 GB of refaults without lowering max RSS), it is posted to a helper Discard job. A reuse (acquireOldGenBlock picking it) of a Pending extent CANCELS the discard; a reuse of a Posted extent WAITS for the job before the extent is touched. Posted extents stay in the free list so allocation choices never depend on helper progress (GC_DET_001). No code may rely on a reacquired old-gen extent reading as zero: validate builds poison resident reused extents with 0xD8 (V4) and re-derive that every tracked extent is in the free list exactly once and overlaps no heap-owned block or unassigned page at every sync point (V2). Mode 0 discards inline at release, as before. In a parallel promotion with more than one worker, acquireOldGenBlock (AcquireWait::AvoidUnderPromo from OldGenSpace::acquireWaitPolicy at ensureBagPageAvailable, allocateFromBagPage and allocateLargeBlock) takes only Pending free extents (cancelled, no wait), else a fresh bump. It reuses a discard-issued extent (and may wait) only when the old-gen cap leaves no bump room. The skip test is membership in pending_ (PageWork::isPending), which is job-blind (GC_DET_001). Never key it on posted_discard_, isDone or isPendingOrPosted (CR-007, plans/threaded-gc-register-fixes.md 6.3, 2026-10-01, M7 NoWaitUnlessCap, PendGhost, DetChoice, mutants nowait_skip_posted and nowait_first_fit). Counters nowait_pending_reuse_bytes, nowait_skipped_extents, nowait_fresh_bytes, nowait_fallback_waits.;runtime/src/allocator/PageWork.cpp|runtime/src/allocator/Allocator.cpp|GC_DET_001|HEAP_058
HEAP_060;Runtime_Heap;CommitAhead;enforced;WITH gc_thread_mode != 0 AND commit_ahead_bytes > 0 THE RANGE JUST ABOVE THE OLD-GEN BUMP IS PRE-COMMITTED AND PRE-FAULTED (plans/threaded-gc-03-helper-threads.md P§3.7). At each sync point the mutator maps [max(window_end, bump), round_up(bump + commit_ahead_bytes, 2 MiB)) RW (clamped to the old-gen cap) and posts a helper Populate job (MADV_POPULATE_WRITE: content-neutral, so the mutator may write into a block under an in-flight populate). acquireOldGenBlock's bump path commits only the part of a request above the window and never re-maps any part of it (a MAP_FIXED re-map would silently discard the populated pages). A release waits for any in-flight populate overlapping it. old_gen_committed, old_gen_in_use_bytes_ and every trigger input are unchanged by the window. Where MADV_POPULATE_WRITE is unsupported (probe at PageWork construction) no window is ever opened and nothing falls back to touching pages. acquireOldGenRegion (a heap's initial old-gen region) also goes through onFreshBump and commits only the part above the window (CR-012(d), register-fixes 6.2, 2026-10-01, with sequential mutators too).;runtime/src/allocator/PageWork.cpp|runtime/src/allocator/Allocator.cpp|HEAP_058
HEAP_SNAPSHOT_001;Runtime_Heap;FrozenPublishedHeap;enforced;NO RUNTIME OR KERNEL CODE WRITES A FIELD OR HEADER OF A HEAP OBJECT AFTER THE OBJECT HAS SURVIVED A GC, UNLESS builder == 1 (P1; plans/threaded-gc-04-frozen-published-heap.md, 2026-09-25). Surviving a GC means age >= 1 in the nursery or as a young large object (HEAP_062), or being in the old gen (amended 2026-09-26, threaded-gc-04b). The GC's own writes (age, color, forwarding and drain-time child fixups during a collection) are excluded, and so are the zap fillers of dead survivors (HEAP_069/HEAP_070's 07b merge zap, HEAP_074's STW-major zap) and the merge's clearing of a dead ageing-generation YLOS's slots (HEAP_070, CR-038): every one of them writes only an object no mutator, root or live object can reach (amended 2026-09-30, plans/threaded-gc-register-fixes.md Phase 3). IM3 and IM13 are unchanged: CR-017's fix restores their premise. Compiled Elm code satisfies the stronger P0 (HEAP_031). Enforced in every ECO_HEAP_VALIDATE build by the P1 census tripwire (ECO_P1_CENSUS default 2 = abort): detector N re-hashes nursery and young-large-object survivors at the next minor, detector O re-hashes a sample of promoted objects at every major start, every ECO_P1_CENSUS_EVERY minors and at exit (pruned to marked objects at mark end), detector W checks every write through the mutating heap helpers (arrayPush*, closureCapture, chunk-chain fills) and names the caller. Measured at full scale in a -DECO_P1_CENSUS=ON census build. Chunk-chain backings and views are built as builders (alloc::listChunkChain / finishChunkChain, bounded by alloc::chunkChainFits). Licenses the snapshot-closure lemma used by threaded-gc phases 5a, 5c, 7b and 7c. threaded-gc-07 (HEAP_069/HEAP_070): the heal of recorded slots, the in-place YLOS promotion fixups and the recoloring at hand-over are GC writes during a collection (in a pause), and the tenure collector writes no published object (FORBID_HEAP_004). Region mode's detector N hashes the Fresh and Tenuring extents at minor end and re-hashes them at the next tenure join, BEFORE the heal.;runtime/src/allocator/P1Census.cpp|runtime/src/allocator/NurserySpace.cpp|runtime/src/allocator/HeapHelpers.hpp|HEAP_031|HEAP_BUILDER_001
HEAP_SNAPSHOT_002;Runtime_Heap;SnapshotOffHeapRoots;enforced;EVERY LOCATION THAT CAN BE OVERWRITTEN WHILE ELM CODE RUNS IS A STACK OR ROOT SLOT OR AN OFF-HEAP STORE REGISTERED AS AN EXTERNAL ROOT SCANNER, AND A MARKER READS SUCH LOCATIONS ONLY AT A HANDSHAKE (plans/threaded-gc-05a-incremental-marking.md, 2026-09-26). The incremental mark cycle (HEAP_063) reads every root kind (RootSet roots, JIT roots, stack-map slots, stack root ranges, single roots, every external root scanner) exactly once, in the t0 snapshot (ThreadLocalHeap::startMarkCycle via forEachMajorRoot), and no mark slice reads a root. Validators IM1/IM2 and the negative control testIncrNegativeSkipExternal pin it. threaded-gc-05c: this holds while background markers run between pauses - they never read a root, an off-heap store or a young object after t0 (young checks use the t0 MarkView reservation bounds, and the validate-only YLOS check uses a t0 copy of the YLOS set).;runtime/src/allocator/ThreadLocalHeap.cpp|HEAP_063
HEAP_061;Runtime_Heap;BornOldPending;retired;RETIRED 2026-09-26 by threaded-gc-04b: superseded by HEAP_062 (no pointer-bearing object is born old any more; OldGenBornOld.cpp deleted). Former text: A POINTER-BEARING OBJECT ALLOCATED DIRECTLY IN THE OLD GEN IS SCANNED BY MINOR GCS UNTIL ITS CHILDREN ARE OLD (plans/threaded-gc-04-frozen-published-heap.md Step 7b, 2026-09-25). ThreadLocalHeap::allocateLargePinned (any tag except Int, Float, Char, String, ByteBuffer) and both large branches of allocateRegionSlow register the object (or region) in OldGenSpace::born_old_. Its kernel may fill it afterwards with nursery pointers; every minor GC scans each entry as a root (scanObject, children evacuated and slots updated in place) before the drain, and retires it after promotion_age + 1 minors with builder == 0. finalizeMetaAfterMark drops unmarked entries and splits a region into its marked objects. Compaction is not scheduled while any entry is pending. A pending entry may carry builder in the old gen (amends HEAP_BUILDER_001) and is the only permitted holder of old->young pointers (amends HEAP_005). Fixes a latent bug: before this, such objects' young children were not scanned and were lost at the next minor GC.;runtime/src/allocator/OldGenSpace.hpp|runtime/src/allocator/OldGenBornOld.cpp|runtime/src/allocator/NurserySpace.cpp|runtime/src/allocator/ThreadLocalHeap.cpp|HEAP_005|HEAP_BUILDER_001
HEAP_062;Runtime_Heap;YoungLargeObjectSpace;enforced;A POINTER-BEARING OBJECT IS NEVER BORN OLD (plans/threaded-gc-04b-young-large-objects.md, 2026-09-26). An object of size >= large_object_threshold whose tag may hold pointers (tagMayHoldPointers: not Int, Float, Char, String, ByteBuffer) is placed in the nursery when size <= min(nursery capacity / large_ptr_nursery_divisor, large_ptr_nursery_max_size) (the fixed bound applies when non-zero; divisor 0 = never the nursery), and otherwise in the young large-object space (YLOS): a pinned old-gen cell registered as a kind-1 entry of the HEAP_026 body index with the current minor color (OldGenSpace::allocateYoungLarge). eco_alloc_with_roots, ThreadLocalHeap::allocate and allocateSlow all apply this placement (ThreadLocalHeap::placeLargeFor); a nursery-placed object that does not fit after a minor falls back to the YLOS. A YLOS object is young: the minor GC reaches it through a bounding-box filter plus an index lookup in evacuate/evacuateJitPtr (NurserySpace::reachYoungLarge), records the minor color (once per cycle), and either promotes it in place (entry removed, no copy, age reset; scanned as a promoted parent) when !builder && age >= promotion_age, or ages it (unless builder) and scans it in place (young children are normal). An unreached YLOS object is freed at minor end (sweepNurseryLargeBodies) or retired at mark end (retireDeadLargeBodies / classifyBlocksAfterMark / the legacy sweep, keyed on the index); the bounding box is recomputed at minor end and after major retirement. Closure-group regions (several objects) are never YLOS objects: a large region must fit the nursery after a minor or it is a fatal error. allocateLargePinned is for pointer-free tags only (asserted). Validate builds check V1 (every kind-1 entry pinned, builder => age 0, inside the box) and V2 (no object promoted this minor has a nursery or YLOS child). threaded-gc-07 (HEAP_069): in region mode a YLOS object first reached (non-builder) at minor m joins generation m (age 1, scanned in place, its Hand targets recorded). At the hand-over minor m+1 it is recolored and snapshotted for job m+1 (sorted {obj, end} plus reached flags). It is promoted in place at the merge (m+2) if the pause reached it at m+1 or the job reached it through the generation (its tenured children then resolved), and freed otherwise. The job never reads the body index. The region nursery cap is min(the HEAP_062 cap, the largest old-gen size class). A YLOS header's age is written during a parallel minor only with a relaxed atomic whole-word store under ylos_mu_ (storeHeaderRelaxed: reachYoungLargeP's age++, promoteYoungLarge's age = 0, region reachYoungLargeR's age = 1), leaving tag/size/pin unchanged, and a sweep slice (lazySweep's gap sweep, header walk and large-block pin read, the validate-only V11 walk) reads any header word only by a relaxed atomic load (loadHeaderRelaxed): the header's bit-fields are one memory location (CR-019, plans/threaded-gc-register-fixes.md 6.1, 2026-10-01, TSan det-cr019 and ylos-sweep clean). The copy paths keep plain getObjectSize.;runtime/src/allocator/ThreadLocalHeap.cpp|runtime/src/allocator/OldGenSpace.cpp|runtime/src/allocator/NurserySpace.cpp|runtime/src/allocator/RuntimeExports.cpp|HEAP_005|HEAP_026|HEAP_BUILDER_001
HEAP_063;Runtime_Heap;IncrementalMarkCycle;enforced;WITH HeapConfig::incremental_mark A MAJOR GC IS A MARK CYCLE SPANNING T + 1 MINOR GCS (plans/threaded-gc-05a-incremental-marking.md, 2026-09-26, T = incremental_mark_slices, requires old_gen_bitmap_alloc). The cycle starts at the end of the minor GC that fires a major trigger (t0): in that pause the old-gen targets of every root and off-heap store (HEAP_SNAPSHOT_002) and of every young object (dead survivors are zapped: HEAP_070 merge, HEAP_074 major) - the nursery's survivor prefix [fromBase, bump_.ptr), exact only until the mutator allocates (NurserySpace::forEachSurvivor asserts bump_.ptr == survivor_end_), and every YLOS object (HEAP_062) - are greyed with pushMarkRoot in snapshot mode (young targets dropped), and every YLOS cell is marked. After t0 the marker never reads a root or a young object (validator IM3). Slices of paced mark work (max(incremental_mark_min_slice_units, remaining predicted units / slices left)) run at the next T - 1 minor ends, the T-th minor end drains the mark stack (closing slice), and the post-mark tail (the handoff: resetAllocCursors, then OldGenSpace::runPostMarkTail) runs at the (T + 1)-th. The schedule is fixed at t0 (GC_DET_001), except an emergency finish when old-gen committed / cap >= incremental_mark_finish_fraction, or a join when majorGC() is called during a cycle (which finishes the cycle, then runs the requested stop-the-world major). While a cycle is active: gc_phase_ == Marking, every old-gen allocation is allocated black (mark bit set, bytes in BufferMetadata::live_bytes), the uniform cursor serves only blocks created after t0 (HEAP_054), no block is released, no body or YLOS cell is freed (HEAP_026 deferral), no compaction runs, and the major triggers are suppressed. Soundness rests on HEAP_005, HEAP_SNAPSHOT_001 and HEAP_SNAPSHOT_002: every object reachable at the handoff was reachable at t0 (and is marked) or was allocated after t0 (and is black). Validators IM1-IM9 (ECO_HEAP_VALIDATE) re-derive it: IM1/IM2 are independent reachability traces checked at the handoff, IM4 checks every in-cycle allocation is black and never lands on a marked cell. One cycle counts as one major. threaded-gc-05b: slice, closing, pressure and join mark work may run on N markers (HEAP_064), cycle units are exact tickets counted in OldGenSpace::runMarkers. The t0 snapshot never chunks (young objects are scanned completely at t0). threaded-gc-05c: with conc_mark = 2 the slices become paced ASSISTS into a running background episode (HEAP_065) and the closing step joins that episode until termination. Kind-4 pauses occur only when an assist or a closing join ran. Schedule, marked set and units per cycle are unchanged. threaded-gc-07 (HEAP_069/HEAP_070): in region mode the t0 young walk (NurserySpace::forEachYoung) covers the Fresh extent (survivors and builders) and the Tenuring extent, then YLOS, and IM7 is 'eden is empty'. The tenure job is built after the cycle decision (the scope-exit launch), so its copies are allocate-black mid-cycle and its grant holds only post-t0 blocks. A STW major joins the tenure job first and greys the copy of every forwarded Tenuring object it reaches. IM5's key includes the id's BlockTable generation, so a same-id, same-start re-issue is caught (CR-036, plans/threaded-gc-register-fixes.md 3.5, 2026-09-30).;runtime/src/allocator/OldGenSpace.cpp|runtime/src/allocator/ThreadLocalHeap.cpp|HEAP_005|HEAP_SNAPSHOT_001|HEAP_SNAPSHOT_002|HEAP_054|GC_DET_001
HEAP_064;Runtime_Heap;ParallelMark;enforced;WITH gc_mark_threads > 1 THE OLD-GEN MARK WORK OF AN INCREMENTAL CYCLE (HEAP_063: SLICES, CLOSING DRAIN, PRESSURE FINISH, JOIN DRAIN) RUNS ON N MARKERS (plans/threaded-gc-05b-parallel-marking.md, 2026-09-26): the paused mutator as marker 0 and N-1 GCMarkGang threads, started and joined inside the pause (0 = auto: min(gc_mark_threads_cap, affinity/cgroup CPUs), ECO_GC_MARK_THREADS wins over JSON, 1 = serial). Default gc_mark_threads = 0 (auto) with cap 16 (experiments E2/E3). Grey entries are 8-byte markwork entries (address >> 3 plus block id + 1, or a chunk index). Each marker pushes and pops on a PRIVATE stack (owner-only, no atomics) and publishes its oldest half to its Chase-Lev deque (MarkWork.hpp, the PPoPP 2013 C11 orders, old arrays freed only after the join) when the deque is empty, thieves steal only from deques, and each marker's private size is visible to the termination check through a relaxed atomic. Mark bits and large-mark bytes are set with atomic fetch_or / exchange, and each marker attributes live bytes only to its own LiveBytesAccumulator, merged in index order (HEAP_051). Work is accounted in exact tickets: an entry is taken from an own or a stolen deque only with a ticket in hand, rings always drain, and idle markers hold no tickets, so the units a slice consumes are min(budget, entries available) independent of N and scheduling (GC_DET_001). A slice ends when all markers are idle (spin, yield, then sleep while idle): the active count, a reactivation epoch and the done flag share one 64-bit word, and done is committed by a CAS from the exact word in which the decider saw zero active markers, so a reactivation between its checks makes the commit fail. Boxed Tag_Array and Tag_ListBacking ranges over MARK_CHUNK_ELEMS are scanned as chunk entries, except in the t0 snapshot. The legacy STW majorGC (nursery traversal via nursery_visited_) stays serial, a parallel marker aborts on a nursery pointer, and with incremental_mark off and N > 1 trigger majors run as T = 0 cycles. Validators IM10 (each entry scanned once), IM11 (the scanned set equals the old-gen closure of the t0 grey set) and IM12 (entries scanned = tickets consumed). threaded-gc-05c (HEAP_065): markers occupy SLOTS 0..F-1 (foreground, F = gc_mark_threads) and F..F+B-1 (background) and the victim range is all slots. Every exit of a parallel run publishes its private stack (IM15 - no private work between runs). Deque arrays are retired only when no run and no background episode is active. Participants are Members (idle until termination) or Assists (bounded ticket pool, never idle, leave after publishing) and a joiner enters a running control through reactivate(). threaded-gc-06: GCMarkGang also runs parallel minor workers (HEAP_067) and is sized for max(gc_mark_threads, gc_minor_threads) (OldGenSpace::ensureGang).;runtime/src/allocator/MarkWork.hpp|runtime/src/allocator/OldGenSpace.cpp|runtime/src/allocator/GCHelperPool.cpp|HEAP_063|HEAP_050|HEAP_051|GC_DET_001
HEAP_065;Runtime_Heap;ConcurrentMark;enforced;WITH conc_mark = 2 THE OLD-GEN MARK WORK OF AN INCREMENTAL CYCLE (HEAP_063, T >= 1) RUNS ON B BACKGROUND MARKERS OUTSIDE GC PAUSES (plans/threaded-gc-05c-concurrent-marking.md, 2026-09-27): per-heap GCBackgroundGang threads at conc_mark_priority (set once per thread - an unprivileged process cannot raise it again), launched at the end of the t0 pause with the t0 grey set distributed round-robin over their deques, marking while the mutator runs Elm code and minor GCs. They read only S_H objects (frozen by HEAP_SNAPSHOT_001), the t0 MarkView, page-index slots and BlockInfo published by release/acquire (HEAP_049), and mark bytes (atomic). They write only mark bytes (atomic) and their own slot. The mutator touches a slot's owner-only state only while no thread runs on it (IM14). At minor ends 1..T-1 the paused mutator and the foreground gang may JOIN the running episode for a bounded assist (budget from a deterministic lagged schedule, conc_mark_assist_lag - pause-only). At k = T they join as Members until termination, and pressure finishes and joins do the same. The handoff at k = T + 1 is unchanged. A stopped episode (fork prepare, reset) leaves all work in deques and is relaunched at the next step. FORK, STOP, CLOSING (plans/threaded-gc-register-fixes.md 7.2 steps 4-6, 2026-10-01): a launch while a fork's prepare holds the gang (fork_hold_, set under each gang's m_ BEFORE stopAllForFork) is REFUSED, never blocked, and treated as a stopped episode (launchBackground leaves bg_ep_ None; CR-013/004). A foreign stopAndJoin waits only for the generation it stopped: if the owner joined it and relaunched, it returns without touching the new episode's running_ (CR-023; launch notifies cv_done_). closingFinish accepts a stopped episode (bg_ep_ None after a foreign stop: a fork's prepare, stopAllAtExit, reset) and drains (CR-005; M2 episode_stop, M6 gangs_host_fork). The schedule, the marked set, the units per cycle and every GC decision are identical to conc_mark = 0 (GC_DET_001), and conc_mark = 1 (sync) marks everything at t0 on the foreground gang. Validators IM13 (the cursor owns no t0 block during a cycle), IM14 (slot quiescence) and IM15 (no private work after a run), with IM1-IM12 unchanged. The TSan harnesses gc-mark-tsan (episode storm) and gc-heap-tsan (the real allocator) are clean.;plans/threaded-gc-05c-concurrent-marking.md
HEAP_066;Runtime_Heap;PacedMajorTrigger;enforced;HEAP-RELATIVE TRIGGER PACING (plans/threaded-gc-05c-concurrent-marking.md P§3.11, Part B). P_hat is the integer EWMA (1/8 per minor) of the old-gen bytes allocated between minor ends, from the monotone OldGenSpace::old_alloc_total_ (incremented next to every allocated_bytes += and never lowered by sweeps). H_c = T + 1 minors (the fixed cycle schedule, HEAP_063). Headroom (major_gc_headroom_margin > 0): a cycle starts when old-gen committed + margin * H_c * P_hat >= incremental_mark_finish_fraction * cap. Paced LiveBudget (major_gc_live_budget_paced): alloc_since_major + H_c * P_hat >= k * live_ref. Backstop (major_gc_garbage_backstop > 0 with LiveBudget on): the garbage-fraction threshold is max(gf, backstop). Defaults (05c E9/E10): Headroom ON with margin 1.5, paced LiveBudget ON (it cut the gf-sweep peak spread 44.5 % to 6.4 % for up to +2 majors that cost no pause time under concurrent marking) and backstop OFF (rejected). All inputs are mutator allocation and occupancy at a minor end and nothing reads collector progress (GC_DET_001).;plans/threaded-gc-05c-concurrent-marking.md
HEAP_067;Runtime_Heap;ParallelMinor;enforced;WITH gc_minor_threads > 1 THE COPY PHASE OF A MINOR GC RUNS ON N WORKERS (plans/threaded-gc-06-parallel-minor.md, 2026-09-27): the paused mutator as worker 0 and N-1 GCMarkGang threads, started and joined inside the minor pause. The root phase stays serial on worker 0 and its greys are distributed round-robin. A from-space object is copied exactly once: a worker CASes its header word from the observed header to BUSY (Tag_Forward, forward_ptr 0), sizes the object from the SAVED header, copies the body, writes the copy's header from the saved word (age/colour as the serial evacuate), then publishes the forward word (Tag_Forward, the original colour, the address) with a release store. Readers load headers with acquire and wait out BUSY. Young survivors go to per-worker to-space LABs claimed from an atomic top (objects >= lab/4, and those that do not fit a LAB with more than lab/64 left, are claimed directly, and a retired LAB tail becomes a Tag_Free filler). Promoted objects go to per-worker AllocCursors over chunks of a shared per-class block (HEAP_054) or, below rung 1, under the promotion spin lock (rung-2 free cells popped in batches of 16 and finalized outside it). Grey entries are markwork entries in per-worker private stacks and Chase-Lev deques driven by markwork::runMarkerLoop with kDrainBudget, and an idle worker wakes only for stealable (deque) work. List spines are copied in runs of MINOR_SPINE_RUN with a heads pass that COUNTS cells, and boxed arrays and list backings over MINOR_CHUNK_ELEMS are chunked. Large-body index updates are deferred to worker 0 after the join (promote-all, then mark-seen), and YLOS reaches run under a mutex. A minor runs parallel only when S + (S / (lab - lab/64) + N) * lab/64 + N * lab <= capacity (S = from-space object bytes) and S >= minor_parallel_min_bytes, else serially. gc_minor_threads = 1 runs the serial Cheney path unchanged. Default gc_minor_threads = 0 (auto, cap 8). Validators PM1-PM6 (exactly-once, no stale from-space slot, filler accounting, cursor discipline, old-parent/young-child, allocator accounting). Every completion of lazySweep inside a parallel promotion (in-loop or tail, via lazySweep's completeSweep) goes through sweepCompleteInPromotion: with N > 1 onSweepComplete is deferred to endParallelPromotion after the join and the stash return; with N = 1 worker 0's cursors are handed back first. onSweepComplete aborts if par_promo_active_ (CR-014, plans/threaded-gc-register-fixes.md 4.1, 2026-09-30; validator PM7, every build; M4 mutants tail_immediate*). Promotion workers read gc_phase_ outside promo_mu_ only with relaxed atomic_ref loads (finalizePoppedCellW, finalizeBitmapCellW); its in-minor write (completeSweep) is a relaxed atomic_ref store; reads under promo_mu_ and writes in pauses stay plain (CR-001, register-fixes 4.2; M4 NoRacePhase, mutant phase_plain; GenMC W3d, mutant W3_CR001_PLAIN_PHASE). A young YLOS header word that a sweep slice under promo_mu_ may read while a worker ages or promotes it under ylos_mu_ is accessed on both sides by relaxed atomic whole-word load/store (HEAP_062, CR-019, register-fixes 6.1).;runtime/src/allocator/NurseryParallel.cpp|runtime/src/allocator/MinorWork.hpp|HEAP_054|HEAP_068
HEAP_068;Runtime_Heap;NurseryObjectBytes;enforced;THE NURSERY SURVIVOR PREFIX MAY CONTAIN FILLERS, AND NURSERY POLICY COUNTS OBJECT BYTES (plans/threaded-gc-06-parallel-minor.md P§3.5, 2026-09-27). A parallel minor turns LAB tails into Tag_Free fillers (header.size = bytes) inside the to-space prefix, and NurserySpace::filler_bytes_ records the fillers of the from-space survivor prefix. The minor-GC trigger (computeAllocEnd: end = base + threshold + fillers, capped at the extent and counted as alloc_end_capped), the fail-soft test, nursery growth (checkAndGrow), isNurseryNearFull and the minor stats use object bytes = prefix bytes - filler bytes. Every survivor-prefix walker skips Tag_Free (forEachSurvivor, the P1 census). At gc_minor_threads = 1 there are no fillers and every formula is the pre-phase-6 one. threaded-gc-07 (HEAP_069): in region mode the survived object bytes S_m of the last minor (fill survivor objects plus builders, fillers excluded) play the survivor prefix's role: eden's allotment is threshold - S_m (fail-soft capacity - S_m), objectBytesAllocated = S_m + eden bytes, growth reads S_m / capacity.;runtime/src/allocator/NurserySpace.cpp|HEAP_042|HEAP_067
HEAP_069;Runtime_Heap;RegionNursery;enforced;WITH nursery_regions = 1 THE NURSERY IS AN EDEN AND THREE SURVIVOR EXTENTS (plans/threaded-gc-07-concurrent-tenuring.md, 2026-09-27). A heap owns n extents (4, or 5 with eden flip - the default in ECO_HEAP_VALIDATE builds) of one capacity, contiguous at a power-of-two stride in its slot block (HEAP_042). Minor m evacuates eden completely on phase 6's engine (header claim/publish, LABs, fillers): non-builders into the Free survivor extent (which becomes Fresh, holding G_m, age 1), builders into that extent's top-down builder area (age 0). References into the Fresh extent of the previous minor (now Hand, G_{m-1}) are recorded without a header load: root, builder and hand-over-YLOS targets in the start set S_m, slots of survivor copies and of young non-builder YLOS objects in the heal list H_m. References into the Tenuring extent of the previous minor (now Retire, G_{m-2}, whose live objects the tenure job promoted) are resolved through that extent's shadow (TV1: a miss aborts in every build), and H_{m-1} is healed at the minor's start. Retire is then unreferenced and becomes Free (poisoned 0xDD in validate builds). At most three survivor extents are non-Free (TV10). Eden's allotment is threshold minus the object bytes survived at the previous minor (fail-soft capacity minus them), which makes every trigger, growth decision and object counter equal the legacy nursery's, and a fill cannot overflow. Every nursery object has a size class: the large-pointer nursery cap is clamped to the largest old-gen size class, allocateFast refuses larger requests, and validate() requires large_object_threshold <= the largest class + 8. promotion_age must be 1 and old_gen_bitmap_alloc on. nursery_regions = 0 is the legacy nursery unchanged. DEFAULT (2026-09-28, TG7d): nursery_regions = 2 (auto) resolves when the Allocator adopts a config - to 1 when regionIncompatibility() is empty (promotion_age 1, bitmap allocation, a size class for every nursery object, room for one heap slot), to 0 otherwise - and tenure_mode = 2 with one collector. An explicit 1 still rejects an incompatible config. TENURE AGEING (2026-09-28, threaded-gc-07b, plans/threaded-gc-07b-tenure-ageing.md): the tenure age k is promotion_age (1..3). A heap owns k + 2 survivor extents (n = k + 3, +1 with eden flip). At minor m the Young extent of age k is the hand-over (Hand), younger Young extents are Age (a reference into one is recorded as a mark source, never healed), the age-1 extent's builder area is PrevBuilders and Tenuring is Retire. At the end every Young extent ages by one. Between minors every non-free object of a survivor extent was copied at the last minor or was marked live by the last hand-over job, and was reached by every STW major since (amended 2026-09-30, CR-017: HEAP_074): the merge after each hand-over turns every unmarked ageing object into a Tag_Free filler (the zap), a region-mode STW major zaps every Young extent's survivor it did not reach (HEAP_074), and the merge clears the slots of the ageing-generation YLOS its mark did not reach (HEAP_070, CR-038), so no walker reads a dead object's slots (TV2Y). YLOS objects and large bodies of ageing generations are re-coloured every minor until their generation is handed over.;runtime/src/allocator/NurseryRegion.cpp|runtime/src/allocator/NurseryRegions.hpp|runtime/src/allocator/Allocator.cpp|HEAP_042|HEAP_068|HEAP_070
HEAP_070;Runtime_Heap;TenureJob;enforced;THE LIVE OBJECTS OF THE TENURING EXTENT ARE PROMOTED BY A TENURE JOB (plans/threaded-gc-07-concurrent-tenuring.md, 2026-09-27), built at the end of the hand-over minor after the cycle decision (a scope-exit launch on every return path of ThreadLocalHeap::minorGC) and merged at the start of the next minor, of a STW major, or at teardown / exit (stats only). It promotes exactly the objects reachable from S_m U *H_m through the extent (and generation YLOS reached through it), recording forwarding in the extent's shadow (one 64-bit word per granule of 2^shadow_granule_log2 bytes - 16 by default since 2026-09-29; 16 halves the shadow versus 8 and REQUIRES every survivor >= 16 B, aborting on a smaller one in every build - HEAP_071 guarantees it, the empty Bytes that broke it being the Empty constant now; 8 remains available and has no limit: addr | state | gen << 43, claim by CAS and publish with release, entries of an older gen read as unvisited, and the exact engine - the only writer - publishes without a claim), and allocates only from a promotion grant: uniform blocks in state kAllocTenure, sized in the pause from the extent's per-class object counts (plus one 1,024-bit chunk per collector participant with several collectors), which no allocator path may select, detach, free into or release until the merge returns them to the front of partial_ (the skip rule: shrink, the empty-block flip, all-dead reclaim, classify, evacuation selection). tenure_mode 1 runs the job inside the pause, tenure_mode 2 on the heap's tenure collector (a GCBackgroundGang): with tenure_collector_threads = 1 the exact, resumable serial engine (a stop is honoured only between items and the order does not depend on where it stopped), with > 1 5b's marker loop over worker slots and CAS-claimed grant chunks. A late job is waited for (tenure_help 0) or stopped and finished in the pause (exact, or on the minor's gang). Large-header body transfers, in-place YLOS promotions of the generation, the heal and the grant return are applied at the merge. Validators: TV1 resolve hits, TV2 hand-over closure, TV3/TV4 exactly-once and byte counts, TV5 grant discipline, TV6 no young child, TV7 stale pointers, TV8 no marker in a granted block, TV9 no compaction / age / class violations, TV10 ring, TV11 P1 census in region form. threaded-gc-07b: with k >= 2 the exact engine runs two phases before tenuring: MARK (read-only, from the pause's age sources through the ageing extents and ageing-generation YLOS, with a job-private bitmap per extent, each marked object's slot into the hand-over extent joining heal) and SWEEP (unmarked ageing objects -> zap). The merge zaps the dead ageing survivors (fillers) and clears the pointer slots of the ageing-generation YLOS the mark did not reach (amended 2026-09-30, CR-038 / CR-039, mergeJob step 5c - such a YLOS stays indexed and walked by the t0 snapshot until its own hand-over, and a slot could name a retiring Tenuring object or an older-generation YLOS freed by the same minor. The ageing mark is exact, so an unmarked one is dead. Checked by TLA+ M5 MC_k2_ylos_walk, MC_k2_ylos_walk2, mutants skip_ylos_zap{,_2}, and ConcurrencyRegisterTest CR-038, CR-039). Both are resumable between items, so modes 1 and 2 stay bit-identical. The parallel engines (help, fallback) finish the mark serially first and the L3 members are not used with k >= 2. Legacy promotion_age = k is the oracle for promoted counts (one minor later). FORK (plans/threaded-gc-register-fixes.md 7.2 step 4, 2026-10-01): a tenure launch (tenureLaunch, tenureConcLaunch) refused under a fork's hold leaves the job Running with no member; tenureJoin's orphan path finishes it (the exact engine via finish_here; L3 via tenureConcFinish), counted in fork_refusals.;runtime/src/allocator/NurseryTenure.cpp|runtime/src/allocator/TenureWork.hpp|runtime/src/allocator/OldGenTenure.cpp|HEAP_054|HEAP_069|GC_DET_001
HEAP_071;Runtime_Heap;MinObjectSize;enforced;NO HEADER-ONLY HEAP OBJECT (plans/empty-bytes-embedded-constant.md): every live heap object is at least 16 B. The only layouts that are header-only when empty (ElmString, ElmStringUtf8Leaf, ByteBuffer) are never allocated at length 0 - the empty String and the empty Bytes are the merged Empty constant (HEAP_010). Producers: allocString/allocStringBlank/makeUtf8LeafFromBytes/makeUtf8View return emptyString(); allocByteBuffer/allocByteBufferBlank/allocByteBufferZero/makeByteBufferSlice return emptyBytes() (Blank with a null bytes pointer); allocAsciiOut asserts len > 0. Readers: any code that may receive a Bytes value resolves it with resolveBytesOrNull (constant -> nullptr) and byteBufferView/byteBufferLength/byteBufferData read nullptr as (nullptr 0); generated code already maps constants to (nullptr 0) in elm_bytebuffer_len/elm_bytebuffer_data; a void* Bytes API never wrap()s nullptr. This is what makes a 16-byte region-nursery shadow granule (HEAP_069 shadow_granule_log2 = 4) sound; the region nursery aborts on a survivor under 16 B in every validate build and at any granule above 8 B in every build. The debug printer shows an empty Bytes as the generic <empty>;NurseryRegion.cpp HeapHelpers.hpp BytesOps.hpp BytesExports.cpp and test/allocator/BytesOpsTest.cpp (empty Bytes is the embedded constant)
HEAP_072;Runtime_Heap;RegionYlosIncarnation;enforced;A REGION GENERATION'S YLOS MEMBER IS AN INCARNATION, NOT AN ADDRESS (2-gc-bugs.md bug 2, 2026-09-29). An extent's ylos_gen lists the young large objects (HEAP_062) first reached at its gen_minor, by address; a major may free a dead member, and a new YLOS object may take the same cell before the list is next read (hand-over preparation, the ageing snapshot, the census). Each LargeBodyMeta carries join_minor, stamped by reachYoungLargeR when that incarnation joins a generation (0 before), and every reader goes through OldGenSpace::youngLargeMember(p, X.gen_minor), which accepts the entry only if join_minor == X.gen_minor. Without it the new object was taken for the hand-over member: scanned read-only, promoted in place at the merge with its children still in the nursery (an old->young pointer, HEAP_005), and the next major traced reused nursery memory (reported as a HEAP_044 size-0 Tag_Custom). Surfaced by major_gc_live_budget = 3.0 (more majors between a member's minor and its hand-over); policy never causes it. The same holds for Extent::lb_bodies (amended 2026-09-30, CR-037, plans/threaded-gc-register-fixes.md 5.1): markLargeBodySeen colours kind-0 (body) entries only (and only while body_base is the listed address), so a YLOS at a reused body address is reached and scanned as young. A reused address that holds another body is re-coloured for at most k minors (bounded floating garbage). Checked by TLA+ M5 (LbKey = "kind" is the code, mutants MC_lb_aba, MC_deep_boundary_k2_lb with the pre-fix "addr") and ConcurrencyRegisterTest CR-037 (k=1), (k=2);NurseryRegion.cpp OldGenSpace.cpp OldGenSpace.hpp and test/allocator/ConcurrentTenureTest.cpp (a new YLOS object in a generation member's freed cell stays young)
HEAP_073;Runtime_Heap;LiveBytesUpperBound;enforced;LIVE BYTES OF A NON-LARGE BLOCK ARE AN UPPER BOUND OUTSIDE THE MARK WINDOW (plans/threaded-gc-register-fixes.md 3.2, 2026-09-30, CR-018, CR-001). Outside [resetBufferMetaForMark, finalizeMetaAfterMark], BufferMetadata::live_bytes of a non-large block is >= the bytes of every object allocated into it since the last mark. Every allocator writer adds in EVERY phase, not only while marking_active or gc_phase_ != Idle: initObjectHeaderWithSize (free-list pop, split, bag-page carve - any cell_bytes > 0), finalizePoppedCellW (the parallel stash finalize, a relaxed atomic fetch_add in every phase) and flushCursor/flushCursorW (the cursor's pending_live). The add is a relaxed atomic_ref fetch_add while the cell is black or a parallel promotion is active (par_promo_active_: other workers add lock-free), and a plain owner add otherwise. The allocate-black colour and mark bit stay gated on the phase. freeLargeBodyCell's clamped subtraction removes only bytes that were added (its cell_size never exceeds the bytes the allocation counted). Readers that treat live_bytes == 0 as empty rely on it: the empty-regular-block flip (allocateFromEmptyRegularBlocks), the shrink passes 1 and 2 (maybeShrinkCapacity) and the reclaim. resetBufferMetaForMark zeroes live_bytes at every mark, and V8/IM6 check only uniform blocks (exact: popcount x cell), where no free-list cell lies in bitmap mode. Without it a mixed block refilled after its sweep read fully_swept and live_bytes == 0, and an exact-page allocation flipped it to large over live objects (CR-018, S1), and a stash cell finalized at Idle left its block releasable by the deferred shrink (CR-001's S1 half). Checked by the TLA+ models M8 (NoOverwriteLive, FlipTrustsTruth, mutant idle_uncounted) and M4 (ReleasedSafe, mutant idle_uncounted_release). Negative-control hook: OldGenSpace::test_idle_uncounted_ (OldGenSpaceTestAccess::setIdleUncounted).;runtime/src/allocator/OldGenSpace.cpp|runtime/src/allocator/BlockTable.hpp|HEAP_051|HEAP_054|HEAP_067
HEAP_074;Runtime_Heap;MajorZapsDeadSurvivors;enforced;IN REGION MODE A STW MAJOR, AFTER ITS MARK, TURNS EVERY SURVIVOR-PART OBJECT OF EVERY YOUNG EXTENT THAT IT DID NOT REACH (nursery_visited_) INTO TAG_FREE FILLERS, BEFORE THE MUTATOR RESUMES (plans/threaded-gc-register-fixes.md 5.2, 2026-09-30, CR-017). NurserySpace::zapDeadAfterMajor runs in ThreadLocalHeap::majorGC right after finishMarkAndSweep (OldGenSpace::majorReachedNursery is valid from the mark end until the next prepareMark), coalesces each maximal dead run into one filler (validate builds poison the rest with 0xD8), and never runs inside a minor or with the tenure job unmerged (it aborts). The Tenuring extent (merged at the major's tenureJoin, retiring at the next minor, resolveRetire and the heal still read its forwarded originals) and builder areas (kernels hold builders) are not touched, eden is empty at t0 (IM7). It covers every Young extent, ages 1..k: at k = 1 the extent handed over at the next minor, at k >= 2 also the ageing extents, which t0 reads before their first ageing mark. Consequence: no object that forEachYoung walks has a slot naming a cell freed by a major, so the t0 young walk never greys a freed old cell (CR-017: floating garbage, IM4/IM6 aborts, and a marker scanning a reallocated YLOS). Premise: the major's young reachability is a superset of the minor's (the root enumerations minorGCRegion and collectRoots + forEachMajorRoot are the same set, HEAP_SNAPSHOT_001 keeps a survivor's slots frozen), and no runtime code holds an unrooted reference to a survivor across majorGC (HeapHelpers Pattern 1, allocateYoungLarge / allocateLargePinned run a major only on allocation failure, and every allocation is a GC point). Validate tripwire: evacuateR's Hand and Age cases abort on a Tag_Free (or poisoned) target. Stats: rg.major_zaps, major_zapped, major_zapped_bytes, major_zap_ns, major_zap_ns_max. Checked by TLA+ M1 (J_STW, MC_quick_region, MC_quick_region_reuse, mutants no_cr017_fix, no_cr017_fix_reuse) and M5 (MJ_Mark, MC_cycle_major, MC_k2_cycle_major, MC_cycle_major_t0grey, MC_deep, MC_deep_boundary{,_k2,_k2_m2} without the oracle, mutants no_cr017_fix{,_k2,_t0grey}, zap_tenuring, zap_fresh_only, MC_deep_boundary{,_k2}_cr017), the M5 pause trace (event mzap), and ConcurrencyRegisterTest CR-017 (k=1), (k=2), R1, R1 (k=2), R2 and the HEAP_074 tripwire death guards.;runtime/src/allocator/NurseryRegion.cpp|runtime/src/allocator/ThreadLocalHeap.cpp|runtime/src/allocator/OldGenSpace.hpp|HEAP_063|HEAP_069|HEAP_070|HEAP_SNAPSHOT_001
HEAP_075;Runtime_Heap;ForkSafety;enforced;ONE pthread_atfork REGISTRATION (runtime/src/allocator/GCFork.cpp, plans/threaded-gc-register-fixes.md 7.1, 2026-10-01; CR-003, 004, 005, 013, 015, 023, 031, 032). Layers run in a fixed order, independent of registration order: prepare kForkGangs (bgRegistryMutex -> each background gang's m_ to set fork_hold_ -> stopAllForFork -> each background gang's m_ held -> GCMarkGang run_m_ -> its m_), kForkAllocator (Allocator::thread_mutex_), kForkCensus (the P1 census mutex and detector N's, a leaf), kForkPool (GCHelperPool::m_, drained and held: the innermost leaf); parent and child handlers run in reverse. No path holds thread_mutex_ while it takes a gang lock, run_m_ or the registry (cleanupThread, finishTenureForExit, reset and ~Allocator tear heaps down outside it). Child handlers only re-create mutexes and condition variables in place (never unlock the recursive thread_mutex_: the owner TID differs) and set flags (fork_hold_ = false, fork_child_, fork_owner_, the census forked_child). registerForkLayer is an atomic store after a std::call_once whose first call runs pthread_atfork before any GCFork handler exists, so a registration never waits for a runtime lock a fork holds (the pool, the gangs and the allocator register outside their own locks anyway). Checked by M7 LockOrder lock_order_fork (mutants teardown_under_tm, fork_tm_first deadlock), M6 HelperPool and Gangs (the fork rows pass; mutants pool_tm_last, no_fork_hold, hold_after_stop), and the fork harness arms det-cr003/004/005/013-*/015/031/032 (clean). A fork from a thread that holds thread_mutex_ is unsupported (the child re-creates it while the forker's guard still owns it).;runtime/src/allocator/GCFork.cpp|runtime/src/allocator/GCHelperPool.cpp|runtime/src/allocator/Allocator.cpp|runtime/src/allocator/P1Census.cpp|HEAP_007|HEAP_058|HEAP_065
HEAP_076;Runtime_Heap;ExplicitRelease;enforced;AN EXPLICIT COLLECTION IS A MUTATOR SYNC POINT (plans/frontend-heap-release.md §3, 2026-10-01). Allocator::collectMajorAndRelease runs only from a kernel Task binding (Eco.GC.majorGC) or a test on the owning mutator with pause_depth_ == 0 (fatal otherwise, so no minor, parallel promotion or CR-014 path is active). ThreadLocalHeap::majorGCAndShrink is ONE pause and ONE sync point: its outermost PauseEndHook makes the nested STW major (MajorReason::Explicit, joins the tenure job and finishes any cycle by Join) an inner pause, then OldGenSpace::finishSweepForRelease drives the lazy sweep to Idle and shrinkToFloorForRelease runs maybeShrinkCapacity(ShrinkPass::Forced), which releases every fully-swept live_bytes == 0 block and unassigned page down to max(initial_old_gen_size, alloc_buffer_size) with no hysteresis (passes 1-3 unchanged, kAllocTenure skipped), and does nothing during a cycle, an unfinished sweep or a compaction. After the pause, under thread_mutex_ only (TLA-REGION AL.releaseDiscard), PageWork::drainAll(decommitOn()) waits for every slot and discards every Pending extent (with decommit off nothing is Pending and nothing is discarded), in mode 0 releases were already discarded inline. malloc_trim(0) (glibc) runs after the lock is released. No collection or shrink step holds thread_mutex_ (HEAP_075), pool workers never take it (HEAP_058). The drain is a mutator step outside any pause, so no extent is reused while it runs and HEAP_059 holds (M7 DiscardAllPending). Modes 1 and 2 agree in every decision counter (GC_DET_001): the call adds one sync epoch and one Allocator major epoch, and drainAll empties pending_ identically. Allocator::collectMinor is a plain minorGC (it may chain into a major) with the same snapshots. GCReport (runtime/src/allocator/GCReport.hpp) rss_*, *_ns and trim_result are observations, no GC policy or Elm control flow may read them, and the nursery is not decommitted (v1). Checked by testExplicitReleaseModesAgree (modes 0, 1, 2, 2+jitter identical, pending 0 after every call) and testExplicitReleaseReturnsMemory (statm drop of a dead old gen).;runtime/src/allocator/Allocator.cpp|runtime/src/allocator/ThreadLocalHeap.cpp|runtime/src/allocator/OldGenSpace.cpp|eco-kernel-cpp/src/eco/GC.cpp|GC_DET_001|HEAP_058|HEAP_059|HEAP_075
FORBID_HEAP_004;Runtime_Heap;NoConcurrentWriteToPublished;enforced;NO COLLECTOR THREAD WRITES AN OBJECT HEADER OR FIELD THAT THE MUTATOR CAN READ (plans/threaded-gc-07-concurrent-tenuring.md P§3.22, report design_docs/parallel-gc.md §11.2, broadened, 2026-09-27). Concurrent forwarding lives off-header (the survivor-extent shadow, HEAP_070), and the heal of recorded slots happens in a pause. A collector thread writes only memory no mutator path can reach until a later pause publishes it (its own fresh copies in granted blocks, shadow words, job-private state). Checked mechanically by gc-heap-tsan and test/gc-helper-tsan/tenure_harness.cpp.;runtime/src/allocator/TenureWork.hpp|runtime/src/allocator/NurseryTenure.cpp|HEAP_006|HEAP_070
FORBID_HEAP_005;Runtime_Heap;NoIdentityNegativeComparison;enforced;No code may conclude that two heap values are DIFFERENT from differing HPointer words (a stale copy and its replica, or two structurally equal objects, differ by address). a == b => equal fast paths are allowed. The one identity-negative site, ListOps::member (no callers), was deleted (threaded-gc-04, 2026-09-25). Comparisons of an embedded constant against a heap object are not identity-negative in this sense.;runtime/src/allocator/ListOps.cpp|HEAP_SNAPSHOT_001
